Sample ID,"Additional
ID name",GBS ID†,"Endosperm
mutation‡",Antheraxanthin,β-Carotene,β-Cryptoxanthin,Lutein,Violaxanthin,Zeaxanthin,Zeinoxanthin,"Other
carotenes",α-Xanthophylls,β-Xanthophylls,"Total
xanthophylls","Total
carotenes","Total
carotenoids","β-Carotene/
β-cryptoxanthin","β-Carotene/
(β-cryptoxanthin + zeaxanthin)","β-Cryptoxanthin/
zeaxanthin","Zeinoxanthin/
lutein","β-Xanthophylls/
α-xanthophylls","Total carotenes/
total xanthophylls",
2,,SAMN09705089,su1,-0.035,-1.329,-1.175,1.573,-0.291,2.049,-0.224,0.798,1.736,1.822,2.470,0.990,2.559,-0.120,-2.791,-2.695,0.413,0.078,0.294,
257A9,,SAMN09705092,su1,-0.240,-0.456,-1.167,0.376,-0.584,1.826,-1.589,0.751,0.507,1.587,1.962,1.084,2.120,0.699,-1.654,-2.442,0.376,0.993,0.417,
34f,,SAMN09705095,sh2,0.688,-0.095,0.784,2.515,0.232,3.020,1.933,2.124,2.996,2.619,3.434,2.398,3.595,-0.863,-2.563,-1.534,0.768,-0.255,0.404,
83610b,,SAMN09705105,su1,0.351,-1.062,-1.403,0.279,-0.044,2.124,-1.873,0.820,0.375,1.972,2.229,1.015,2.334,0.286,-2.657,-2.983,0.334,1.549,0.331,
A10579,,SAMN09705110,su1,0.158,-1.024,-0.522,1.856,-0.131,2.369,0.616,1.361,2.132,2.093,2.774,1.519,2.910,-0.468,-2.850,-2.339,0.555,0.041,0.376,
A632_susu,,SAMN09705115,su1,-0.804,-0.786,-1.491,-0.119,-0.005,1.930,-1.770,0.853,0.059,1.703,1.976,1.088,2.142,0.720,-2.130,-2.947,0.444,1.699,0.425,
A684su,PI567792,250032448,su1,0.348,-0.425,-0.448,1.587,0.034,2.498,-0.765,1.029,1.681,2.203,2.672,1.306,2.785,-0.016,-2.391,-2.396,0.317,0.663,0.343,
A685su,PI567793,SAMN09705119,su1,0.325,-1.079,-1.214,1.893,-0.271,2.271,-0.196,0.937,2.026,2.021,2.688,1.099,2.778,0.102,-2.825,-2.940,0.368,0.087,0.300,
AS11,,SAMN09705136,su1,-0.002,-1.225,-1.550,0.956,-0.101,2.036,-0.364,0.883,1.183,1.838,2.296,1.043,2.403,0.310,-2.691,-3.049,0.511,0.604,0.332,
B5765,,SAMN09705143,su1,0.148,-1.614,-1.301,1.405,0.050,1.810,0.670,0.865,1.829,1.771,2.478,0.986,2.564,-0.244,-2.837,-2.573,0.713,-0.032,0.298,
B5870,,SAMN09705144,su1,-0.007,-0.484,-0.570,2.059,0.086,2.311,0.708,1.356,2.289,2.072,2.847,1.591,2.990,0.042,-2.301,-2.305,0.499,-0.185,0.378,
C12_1,Ames22015,250031376,su1,-0.003,-0.727,-0.550,1.546,-0.005,1.941,0.537,1.201,1.870,1.861,2.583,1.410,2.725,-0.146,-2.158,-1.956,0.613,-0.103,0.383,
C13,PI587126,250035254,su1,0.067,-0.286,-0.602,1.593,-0.134,2.375,0.177,0.778,1.786,2.097,2.682,1.146,2.774,0.241,-2.166,-2.459,0.479,0.247,0.299,
C18,Ames22017,SAMN09705156,su1,0.150,0.527,-0.925,2.153,0.067,1.922,-0.128,1.190,2.256,1.861,2.753,1.837,2.931,1.248,-0.941,-2.304,0.328,-0.494,0.460,
C2,,SAMN09705157,su1,-0.183,-0.903,-0.509,1.263,-0.443,2.540,0.378,1.026,1.623,2.147,2.652,1.219,2.754,-0.350,-2.846,-2.480,0.650,0.489,0.323,
C22,Ames22018,SAMN09705158,su1,0.060,0.166,-0.658,1.968,-0.100,2.002,-0.033,1.170,2.119,1.867,2.684,1.634,2.853,0.784,-1.352,-2.145,0.393,-0.278,0.420,
C23_su,,SAMN09705159,su1,0.140,-0.919,-0.813,1.643,-0.106,2.037,0.623,1.112,1.962,1.897,2.627,1.261,2.741,-0.094,-2.424,-2.352,0.602,-0.109,0.345,
C27,Ames22019,SAMN09705160,su1,0.433,-0.604,-0.935,1.667,0.188,2.432,-0.690,1.485,1.760,2.179,2.687,1.708,2.866,0.354,-2.399,-2.789,0.311,0.523,0.437,
C27red,,SAMN09705161,su1,0.511,-0.962,-0.861,1.961,0.256,2.281,-0.081,1.024,2.087,2.134,2.791,1.206,2.885,-0.074,-2.677,-2.600,0.368,0.100,0.304,
C3,Ames26812,SAMN09705168,su1,0.017,-0.160,-0.287,1.376,-0.215,2.919,-0.585,0.859,1.501,2.362,2.747,1.269,2.848,0.113,-2.387,-2.477,0.374,0.976,0.319,
C30,Ames26815,SAMN09705162,su1,0.444,-1.071,-0.622,2.116,0.065,2.516,0.538,0.923,2.326,2.224,2.954,1.095,3.026,-0.410,-2.996,-2.565,0.462,-0.080,0.258,
C31,Ames22020,SAMN09705163,su1,0.313,-1.184,-0.503,2.589,-0.218,2.473,1.140,1.302,2.806,2.172,3.152,1.406,3.255,-0.597,-3.032,-2.398,0.487,-0.588,0.313,
C38,Ames22021,SAMN09705166,su1,0.492,-0.526,-0.251,2.196,0.153,2.612,0.138,1.374,2.317,2.312,2.980,1.555,3.100,-0.248,-2.538,-2.243,0.367,0.087,0.356,
C4,,SAMN09705169,su1,0.259,-0.387,-0.345,1.776,0.305,2.086,0.772,1.394,2.059,2.038,2.754,1.651,2.915,-0.060,-2.024,-1.869,0.580,-0.074,0.409,
C40,Ames22022,SAMN09705171,su1,-0.143,-0.881,-0.867,1.438,0.145,2.151,-0.611,1.054,1.568,1.962,2.488,1.262,2.625,0.045,-2.430,-2.516,0.364,0.413,0.368,
C42,Ames23507,SAMN09705172,su1,0.054,-1.453,-1.561,1.860,-0.213,1.988,-0.431,1.189,1.955,1.808,2.599,1.316,2.719,0.149,-2.823,-2.980,0.324,-0.216,0.351,
C5,Ames26813,SAMN09705173,su1,0.294,-0.837,-0.399,1.822,0.000,2.180,0.265,1.109,2.014,2.033,2.674,1.310,2.791,-0.352,-2.479,-2.055,0.462,0.116,0.348,
C5_NT,,SAMN09705175,su1,0.136,-0.511,-1.089,1.197,0.257,1.928,-0.224,1.005,1.417,1.885,2.421,1.282,2.547,0.515,-1.904,-2.449,0.495,0.404,0.382,
C65,,SAMN09705176,su1,-0.169,0.841,-1.240,1.426,-0.489,1.744,-0.082,1.056,1.635,1.587,2.303,1.850,2.594,1.909,-0.441,-2.411,0.473,-0.056,0.576,
C68,Ames22023,"SAMN09705180§
SAMN09705181 SAMN09705182",su1,-0.116,0.662,-1.171,1.467,-0.560,1.779,0.110,1.052,1.680,1.614,2.346,1.810,2.627,1.735,-0.550,-2.381,0.500,-0.134,0.556,
C68Rx552_63,,SAMN09705177,su1,0.409,-0.840,-0.880,1.060,-0.045,2.662,-0.554,0.925,1.266,2.266,2.618,1.136,2.715,0.041,-2.870,-2.969,0.460,1.052,0.311,
C6A,,SAMN09705183,su1,0.177,-0.168,-0.880,1.996,0.004,2.003,0.105,1.129,2.148,1.891,2.702,1.480,2.842,0.702,-1.622,-2.376,0.404,-0.272,0.380,
C7,Ames22012,SAMN09705184,su1,0.282,-0.877,-0.866,1.909,0.204,2.044,0.143,1.300,2.070,1.961,2.687,1.488,2.827,0.055,-2.352,-2.378,0.414,-0.097,0.385,
C7e,Ames22013,SAMN09705185,su1,0.318,-1.163,-0.294,2.195,-0.037,2.604,0.720,1.035,2.419,2.275,3.019,1.191,3.094,-0.771,-3.136,-2.303,0.494,-0.118,0.267,
C81,,SAMN09705186,su1,-0.283,-0.270,-1.039,2.090,-0.325,2.201,-0.048,0.945,2.200,1.901,2.748,1.297,2.853,0.753,-1.893,-2.696,0.344,-0.334,0.326,
C8_pseudo,,SAMN09705187,su1,0.313,-0.377,-0.497,2.002,0.079,2.307,0.498,1.263,2.224,2.130,2.856,1.543,2.987,0.170,-2.107,-2.271,0.488,-0.082,0.363,
C90,Ames22024,SAMN09705189,su1,0.060,0.689,-1.315,1.998,-0.142,1.517,0.130,1.335,2.148,1.515,2.569,1.979,2.821,1.889,-0.192,-2.205,0.399,-0.735,0.542,
EP61,EP61,250001487,su1,0.156,-0.574,-0.814,1.481,0.154,1.960,0.315,1.291,1.798,1.903,2.545,1.530,2.716,0.223,-2.020,-2.221,0.587,0.081,0.422,
EP62,EP62,250001499,su1,0.580,-0.249,-0.097,2.067,0.208,2.977,0.530,1.378,2.291,2.475,3.058,1.658,3.182,-0.170,-2.586,-2.399,0.474,0.328,0.344,
EP82,EP82,250001511,su1,0.494,-0.732,-0.516,1.868,0.158,2.342,-0.095,1.114,2.013,2.162,2.773,1.329,2.886,-0.157,-2.507,-2.367,0.373,0.207,0.333,
EP83,EP83,250001523,su1,0.318,-0.419,-0.756,2.122,0.029,2.077,0.008,1.278,2.250,1.973,2.795,1.534,2.932,0.310,-1.991,-2.345,0.361,-0.293,0.373,
EP84,EP84,250001514,sh2,0.163,-1.013,-0.724,2.087,0.018,2.146,0.407,1.484,2.286,1.972,2.793,1.670,2.953,-0.218,-2.591,-2.374,0.444,-0.339,0.399,
EP85,EP85,250001504,sh2,-0.068,-1.114,-0.941,1.718,0.069,1.968,0.333,1.543,1.961,1.842,2.578,1.736,2.782,-0.154,-2.556,-2.351,0.511,-0.159,0.464,
Fa32B,,SAMN09705209,sh2,0.140,-0.905,-1.025,2.208,0.061,2.416,-0.492,0.956,2.288,2.107,2.856,1.144,2.941,0.137,-2.710,-2.912,0.283,-0.152,0.282,
Florida_56,PI644099,SAMN09705211,sh2,0.190,-1.484,-1.177,2.435,0.043,2.260,-0.252,1.283,2.516,2.024,2.922,1.443,3.036,-0.219,-3.127,-2.906,0.276,-0.498,0.332,
G8,,SAMN09705212,su1,0.359,-1.572,-0.765,0.753,0.190,1.741,-1.588,0.953,0.839,1.828,2.203,1.069,2.323,-0.731,-2.768,-1.915,0.311,0.928,0.355,
GMBAB,,SAMN09705213,su1,0.608,-0.464,-0.278,2.319,0.172,2.653,0.100,0.538,2.420,2.363,3.072,0.970,3.131,-0.146,-2.513,-2.360,0.336,-0.062,0.217,
GTS1,PI550492,SAMN09705215,su1,0.243,-0.994,-0.977,1.767,0.135,2.094,0.011,1.100,1.945,1.980,2.644,1.273,2.759,-0.024,-2.593,-2.576,0.431,0.092,0.344,
I45,,SAMN09705230,su1,0.079,-0.266,-1.322,1.007,0.052,1.925,-0.967,0.996,1.144,1.807,2.279,1.323,2.458,0.980,-1.582,-2.750,0.374,0.639,0.433,
I817,,SAMN09705231,su1,0.177,-0.703,-0.720,1.646,0.171,1.918,0.727,1.302,2.005,1.894,2.630,1.467,2.775,0.055,-2.079,-2.108,0.651,-0.117,0.398,
IL101T,,SAMN09705232,su1,0.070,-0.851,-0.464,1.743,-0.172,2.416,0.489,0.979,2.010,2.103,2.724,1.184,2.819,-0.374,-2.741,-2.362,0.544,0.155,0.308,
IL103a,,SAMN09705234,su1,-0.004,-1.134,-0.873,2.029,-0.170,2.295,0.306,1.369,2.200,2.005,2.787,1.516,2.923,-0.159,-2.789,-2.651,0.434,-0.196,0.374,
IL104g,,SAMN09705235,su1,0.169,-1.056,-1.023,1.653,-0.072,2.051,0.627,1.822,1.974,1.891,2.604,1.991,2.853,0.027,-2.512,-2.517,0.602,-0.051,0.526,
IL110K,,SAMN09705237,su1,0.556,-0.410,-0.006,2.522,0.075,3.272,0.550,1.122,2.672,2.615,3.270,1.394,3.350,-0.415,-2.902,-2.472,0.391,0.120,0.272,
IL112t,,SAMN09705238,su1,0.236,-0.772,-0.239,2.012,-0.081,3.142,0.512,1.153,2.226,2.509,3.065,1.325,3.162,-0.488,-3.147,-2.667,0.477,0.342,0.304,
IL1171,,SAMN09705239,su1,0.537,-0.718,-0.474,1.853,-0.095,2.897,0.552,1.260,2.106,2.401,2.940,1.462,3.050,-0.212,-2.909,-2.665,0.528,0.453,0.334,
IL124a,,SAMN09705241,su1,0.118,-0.592,-0.601,1.454,-0.173,2.625,-0.133,1.067,1.654,2.197,2.697,1.306,2.812,0.014,-2.619,-2.591,0.458,0.607,0.344,
IL125b,,SAMN09705242,su1,-0.084,-0.549,-1.340,1.356,-0.202,1.847,-0.075,1.117,1.593,1.692,2.376,1.234,2.570,1.053,-2.188,-2.643,0.511,0.442,0.456,
IL303b,,SAMN09705254,su1,0.061,-0.687,-0.625,2.237,-0.058,2.376,0.597,1.339,2.421,2.084,2.901,1.545,3.027,-0.098,-2.576,-2.471,0.444,-0.275,0.359,
IL318a,,SAMN09705255,su1,0.453,-0.311,-0.424,1.913,0.043,2.607,1.069,1.221,2.330,2.256,2.914,1.496,3.031,0.060,-2.387,-2.453,0.694,0.138,0.342,
IL323a,,SAMN09705257,su1,0.096,-0.606,-1.305,1.650,-0.083,1.977,-0.553,1.036,1.759,1.824,2.483,1.275,2.614,0.668,-2.029,-2.706,0.337,0.066,0.369,
IL328a,,SAMN09705259,su1,0.138,-0.860,-1.362,1.594,-0.009,2.026,-0.574,1.017,1.695,1.882,2.497,1.217,2.615,0.472,-2.323,-2.881,0.345,0.143,0.347,
IL393a,,SAMN09705265,su1,-0.005,-0.681,-0.601,1.529,0.003,2.358,0.733,1.174,1.929,2.071,2.674,1.390,2.801,-0.059,-2.496,-2.390,0.691,0.223,0.364,
IL395a,,SAMN09705266,su1,-0.102,-0.638,-0.371,1.683,0.174,2.720,0.241,1.297,1.918,2.281,2.807,1.516,2.939,-0.218,-2.692,-2.458,0.505,0.474,0.369,
IL430a,,SAMN09705267,su1,0.143,-0.871,-0.522,1.714,-0.150,2.306,0.400,1.568,1.975,2.060,2.718,1.757,2.901,-0.303,-2.641,-2.311,0.526,0.065,0.439,
IL437a,,SAMN09705268,su1,-0.101,-0.610,-0.729,1.909,-0.106,1.943,0.418,1.419,2.113,1.811,2.652,1.598,2.814,0.140,-2.017,-2.104,0.474,-0.343,0.427,
IL442a,,SAMN09705269,su1,0.131,-1.142,-0.993,1.328,-0.182,2.071,0.073,1.339,1.595,1.897,2.486,1.406,2.626,-0.055,-2.589,-2.524,0.549,0.242,0.405,
IL451b,,SAMN09705271,su1,0.381,-0.083,-1.031,2.298,0.903,1.441,-0.385,1.101,2.367,1.959,2.847,1.470,2.976,0.825,-0.964,-1.773,0.264,-0.424,0.365,
IL453b,,SAMN09705272,su1,0.443,-0.663,-0.588,2.053,0.153,2.329,0.926,1.725,2.371,2.162,2.932,1.920,3.106,-0.067,-2.461,-2.375,0.594,-0.165,0.426,
IL454a,,SAMN09705273,su1,0.073,-1.092,-0.371,1.744,-0.184,2.529,0.141,1.064,1.944,2.177,2.776,1.229,2.872,-0.594,-2.974,-2.346,0.468,0.268,0.309,
IL465a,,SAMN09705274,su1,0.021,-0.709,-0.404,1.274,-0.188,2.416,-0.198,1.075,1.490,2.099,2.548,1.307,2.678,-0.224,-2.518,-2.274,0.482,0.653,0.368,
IL515a,,SAMN09705276,su1,0.002,-0.729,-1.101,1.768,-0.063,2.085,0.592,1.023,2.052,1.899,2.626,1.235,2.736,0.316,-2.323,-2.646,0.566,-0.082,0.337,
IL543c,,SAMN09705277,su1,0.134,-1.374,-1.147,1.380,-0.314,2.602,-0.397,0.846,1.545,2.161,2.621,0.993,2.706,-0.175,-3.296,-3.175,0.417,0.650,0.283,
IL545,,SAMN09705278,su1,-0.039,0.509,-0.993,1.805,-0.189,2.074,0.109,0.981,1.982,1.866,2.599,1.656,2.787,1.343,-1.059,-2.520,0.440,-0.135,0.439,
IL557a,,SAMN09705279,su1,0.386,-0.183,-0.752,1.771,0.117,2.275,0.017,1.201,1.980,2.103,2.721,1.554,2.871,0.539,-1.912,-2.509,0.455,0.173,0.394,
IL607a,,SAMN09705280,su1,0.285,-0.902,-0.562,1.665,-0.023,2.280,1.219,1.548,2.206,2.080,2.793,1.714,2.954,-0.348,-2.692,-2.313,0.831,-0.033,0.412,
IL611a,,SAMN09705281,su1,0.322,-0.936,-0.454,1.360,-0.068,2.591,0.179,1.119,1.654,2.238,2.683,1.307,2.797,-0.423,-2.911,-2.457,0.571,0.678,0.343,
IL615a,,SAMN09705283,su1,-0.085,-1.053,-1.368,1.496,-0.038,1.789,-0.127,1.246,1.686,1.691,2.375,1.412,2.543,0.333,-2.258,-2.608,0.454,0.018,0.427,
IL618b,,SAMN09705284,su1,-0.164,0.379,-1.469,1.596,-0.006,1.683,-0.616,0.992,1.713,1.614,2.371,1.510,2.567,1.597,-0.748,-2.524,0.343,-0.225,0.458,
IL648,,SAMN09705285,su1,0.269,-1.155,-0.672,1.724,-0.066,2.107,0.917,1.177,2.162,1.972,2.704,1.340,2.823,-0.387,-2.730,-2.282,0.708,-0.091,0.348,
IL661a,,SAMN09705286,su1,0.226,-0.380,-0.642,1.013,0.103,2.491,-0.574,1.169,1.209,2.178,2.555,1.428,2.701,0.194,-2.357,-2.534,0.459,1.047,0.395,
IL671a,,SAMN09705287,su1,0.426,-0.881,-0.620,2.101,0.170,2.300,0.393,1.029,2.257,2.138,2.894,1.225,2.981,-0.225,-2.635,-2.350,0.425,-0.192,0.286,
IL673a,,SAMN09705288,su1,0.161,-0.143,-0.441,1.960,0.309,2.828,0.032,1.002,2.112,2.337,2.909,1.344,3.010,0.229,-2.356,-2.610,0.398,0.416,0.315,
IL676a,,SAMN09705289,su1,-0.207,-1.083,-1.848,1.457,-0.051,1.628,-0.830,1.452,1.561,1.537,2.284,1.548,2.492,0.767,-2.008,-2.860,0.318,-0.160,0.491,
IL677a,Ames27120,"SAMN09705291 SAMN09705293 SAMN09705294
SAMN09705292",su1,-0.074,-0.709,-1.480,0.599,0.102,1.649,-1.152,1.088,0.779,1.643,2.065,1.299,2.280,0.717,-1.708,-2.468,0.430,0.846,0.482,
IL678a,,SAMN09705295,su1,0.469,-0.449,-0.507,1.113,0.057,2.468,-0.699,1.187,1.271,2.199,2.593,1.448,2.746,0.078,-2.337,-2.456,0.398,1.058,0.394,
IL689a,,SAMN09705296,su1,0.438,-0.545,-0.676,1.599,0.146,2.812,-0.348,0.851,1.742,2.382,2.835,1.205,2.928,0.133,-2.673,-2.860,0.384,0.714,0.306,
IL696a,,SAMN09705298,su1,0.344,-1.003,-1.523,1.217,0.032,2.313,-0.653,0.806,1.368,2.072,2.513,1.063,2.607,0.551,-2.666,-3.315,0.405,0.743,0.311,
IL699e,,SAMN09705299,su1,0.457,-0.342,-0.348,1.683,0.269,2.713,-0.011,0.944,1.857,2.371,2.861,1.303,2.967,0.054,-2.389,-2.472,0.425,0.566,0.326,
IL701e,,SAMN09705301,su1,0.206,-0.905,-0.668,1.172,-0.162,2.636,-0.722,0.910,1.319,2.201,2.606,1.111,2.705,-0.147,-2.853,-2.688,0.383,0.995,0.312,
IL707a,,SAMN09705302,su1,0.139,-0.640,-1.314,1.933,0.139,2.176,-0.833,1.083,2.004,1.979,2.663,1.330,2.786,0.677,-2.187,-3.008,0.264,-0.020,0.351,
IL713a,,SAMN09705303,su1,0.175,-0.601,-0.611,2.220,0.042,2.690,0.108,1.618,2.331,2.279,2.956,1.759,3.105,0.002,-2.666,-2.680,0.354,0.036,0.402,
IL729a,,SAMN09705304,su1,0.554,-0.719,-0.746,1.585,0.341,2.172,0.823,1.507,2.006,2.121,2.757,1.654,2.916,0.047,-2.335,-2.388,0.707,0.137,0.417,
IL731a,Ames27444,SAMN09705305,su1,0.144,-0.972,-1.739,0.427,-0.100,1.780,-1.914,0.773,0.510,1.693,2.049,0.967,2.177,0.714,-2.090,-2.950,0.302,1.171,0.369,
IL733a,,SAMN09705306,su1,-0.023,-1.104,-1.275,1.239,0.010,1.962,0.529,1.187,1.705,1.808,2.459,1.358,2.615,0.229,-2.408,-2.747,0.742,0.062,0.401,
IL744a,,SAMN09705307,su1,0.062,-0.930,-1.670,1.092,-0.162,1.772,-0.514,0.859,1.281,1.663,2.209,1.145,2.342,0.705,-2.087,-2.858,0.454,0.326,0.378,
IL747b,,SAMN09705308,su1,0.223,-0.934,-1.894,-0.014,-0.010,1.820,-1.838,0.828,0.141,1.745,1.997,1.040,2.145,0.941,-2.106,-3.181,0.405,1.599,0.397,
IL751a,,SAMN09705309,su1,0.296,-0.982,-1.564,0.864,-0.104,2.135,-0.912,0.902,1.025,1.953,2.323,1.087,2.438,0.539,-2.591,-3.186,0.417,1.008,0.349,
IL757b,,SAMN09705310,su1,-0.094,0.607,-0.885,1.602,-0.332,2.105,0.420,1.125,1.909,1.868,2.563,1.741,2.769,1.269,-1.091,-2.534,0.576,-0.004,0.468,
IL761a,,SAMN09705311,su1,-0.344,-0.920,-0.967,0.181,-0.256,2.000,-1.328,0.965,0.380,1.782,2.120,1.147,2.280,0.055,-2.388,-2.412,0.480,1.392,0.413,
IL764b,,SAMN09705312,su1,0.090,-1.086,-2.015,1.087,-0.106,1.840,-0.852,0.829,1.233,1.717,2.224,1.064,2.338,0.863,-2.331,-3.303,0.390,0.435,0.347,
IL766a,,SAMN09705314,su1,0.299,-0.919,-1.445,0.720,0.019,2.016,-1.004,0.821,0.879,1.907,2.265,1.030,2.367,0.489,-2.395,-2.921,0.420,1.092,0.333,
IL767b,Ames27445,SAMN09705315,su1,0.135,-0.730,-1.673,1.164,-0.052,1.879,-1.055,0.902,1.272,1.776,2.291,1.154,2.416,0.885,-2.026,-2.994,0.333,0.428,0.368,
IL772a,,SAMN09705316,su1,0.015,-0.785,-1.610,1.266,-0.207,2.012,-0.759,0.880,1.393,1.816,2.324,1.138,2.453,0.809,-2.211,-3.087,0.372,0.474,0.364,
IL773a,,SAMN09705317,su1,-0.154,-0.639,-1.424,0.822,0.139,1.724,-0.588,0.921,1.035,1.677,2.133,1.246,2.305,0.774,-1.765,-2.587,0.492,0.656,0.435,
IL775a,,SAMN09705318,su1,0.004,-0.777,-1.761,-0.151,-0.110,1.912,-1.885,0.956,0.000,1.759,2.003,1.176,2.179,0.910,-2.157,-3.135,0.409,1.838,0.440,
IL778c,,SAMN09705321,su1,0.362,-0.567,-1.454,1.231,0.053,2.004,-0.574,0.935,1.389,1.916,2.413,1.213,2.541,0.900,-1.960,-2.907,0.411,0.523,0.367,
IL779a,Ames27447,250033817,su1,0.429,-0.984,-1.339,0.596,-0.076,2.188,-1.499,1.018,0.716,2.018,2.326,1.185,2.460,0.308,-2.646,-2.990,0.360,1.337,0.376,
IL789b,,SAMN09705326,su1,-0.212,-1.452,-1.473,0.498,-0.106,1.533,-0.662,0.966,0.773,1.480,1.946,1.092,2.121,0.118,-2.238,-2.324,0.568,0.649,0.435,
IL793a,,SAMN09705327,su1,-0.156,-1.055,-1.967,1.427,0.237,1.473,-1.126,1.032,1.505,1.547,2.250,1.184,2.395,0.951,-1.704,-2.714,0.287,-0.057,0.392,
IL794a,,SAMN09705328,su1,-0.158,-1.057,-1.669,1.308,0.094,1.672,-0.750,1.017,1.442,1.610,2.240,1.198,2.384,0.623,-2.066,-2.748,0.376,0.115,0.393,
IL795a,,SAMN09705329,su1,0.104,-0.952,-1.616,1.076,-0.051,1.715,-1.617,1.054,1.142,1.655,2.177,1.241,2.354,0.666,-1.947,-2.702,0.255,0.437,0.433,
IL796a,,SAMN09705330,su1,0.520,-0.344,-1.088,1.401,0.133,2.205,-0.625,1.055,1.523,2.087,2.542,1.379,2.685,0.677,-2.022,-2.769,0.362,0.622,0.391,
IL797a,,SAMN09705331,su1,0.078,-0.664,-0.415,1.496,-0.054,2.628,0.169,0.790,1.748,2.228,2.716,1.069,2.801,-0.230,-2.686,-2.464,0.525,0.535,0.286,
IL798c,,SAMN09705332,su1,0.359,-0.648,-1.154,1.472,0.061,2.301,-0.897,0.921,1.567,2.089,2.572,1.199,2.679,0.530,-2.320,-2.905,0.320,0.563,0.337,
IL799b,,SAMN09705333,su1,0.269,-1.254,-1.772,0.785,0.011,1.838,-1.365,0.925,0.898,1.784,2.180,1.075,2.307,0.506,-2.509,-3.056,0.349,0.879,0.368,
IL801a,,"SAMN09705334
SAMN09705335",su1,-0.085,-1.056,-2.108,1.052,0.353,1.675,-1.918,1.000,1.107,1.719,2.223,1.164,2.371,0.982,-2.063,-3.187,0.246,0.533,0.396,
IL802b_Ht2,,SAMN09705336,su1,0.186,-1.088,-1.308,0.650,-0.152,2.164,-1.147,0.835,0.801,1.952,2.286,1.054,2.398,0.218,-2.677,-2.976,0.409,1.158,0.340,
IL803a,,SAMN09705337,su1,0.048,-0.842,-1.404,1.079,0.043,1.883,-0.161,0.896,1.329,1.792,2.318,1.124,2.438,0.576,-2.086,-2.723,0.532,0.443,0.361,
IL804a,,SAMN09705338,su1,0.372,-0.676,-1.261,0.972,0.118,2.748,-0.852,1.079,1.126,2.324,2.648,1.289,2.767,0.567,-2.722,-3.393,0.412,1.250,0.353,
IL86e,,SAMN09705339,su1,0.290,-0.520,-0.198,0.923,0.023,3.259,-1.197,1.137,1.034,2.567,2.830,1.387,2.942,-0.323,-2.986,-2.679,0.336,1.666,0.335,
IL91j,,SAMN09705340,su1,0.158,-1.161,-0.672,1.562,-0.023,2.420,0.635,1.174,1.918,2.109,2.706,1.327,2.827,-0.399,-2.916,-2.532,0.637,0.234,0.349,
ILB5765,,SAMN09705341,su1,-0.045,-1.082,-1.331,1.310,0.141,1.761,-0.020,1.085,1.567,1.729,2.375,1.246,2.519,0.275,-2.224,-2.568,0.536,0.080,0.387,
ILB5870,,SAMN09705342,su1,-0.070,-0.853,-0.923,1.957,-0.171,2.038,0.529,1.724,2.180,1.839,2.697,1.835,2.894,0.088,-2.328,-2.435,0.492,-0.373,0.473,
ILB6011,,SAMN09705343,su1,-0.004,-1.131,-1.805,1.432,-0.107,1.762,-0.780,0.939,1.542,1.655,2.298,1.107,2.419,0.624,-2.301,-3.030,0.335,0.069,0.356,
IP39,Ames22032,SAMN09705344,su1,0.425,-0.824,-0.460,2.263,0.110,2.423,1.043,1.226,2.557,2.192,3.042,1.412,3.139,-0.337,-2.682,-2.337,0.565,-0.339,0.308,
Ia2003,Ames22028,250031388,su1,-0.096,-0.876,-1.437,1.469,-0.090,1.841,-0.270,0.847,1.641,1.700,2.375,1.049,2.484,0.521,-2.099,-2.736,0.421,-0.010,0.334,
Ia2076,Ames22029,250031503,su1,0.444,-0.608,-0.243,1.810,0.228,2.406,0.335,0.957,2.025,2.226,2.825,1.284,2.931,-0.365,-2.517,-2.129,0.480,0.227,0.325,
Ia2132,PI587134,SAMN09705347,su1,-0.077,-0.802,-0.780,1.397,0.045,2.402,-0.824,0.941,1.504,2.082,2.533,1.155,2.639,-0.023,-2.640,-2.616,0.339,0.721,0.332,
Ia2256,,"SAMN09705349
SAMN09705350",su1,0.134,-1.422,-1.026,1.897,-0.186,1.955,0.890,1.248,2.215,1.822,2.699,1.323,2.815,-0.380,-2.845,-2.426,0.607,-0.412,0.350,
Ia2730,,SAMN09705351,su1,-0.081,-0.650,-1.186,1.642,-0.303,1.914,0.015,1.194,1.838,1.716,2.468,1.421,2.635,0.531,-1.944,-2.516,0.443,-0.200,0.416,
Ia453,Ames22030,SAMN09705355,su1,0.480,-0.656,-0.743,2.031,0.242,2.320,-0.020,1.387,2.183,2.183,2.871,1.589,3.005,0.092,-2.418,-2.512,0.390,0.027,0.369,
Ia45_1,,SAMN09705356,su1,-0.226,0.277,-1.186,0.818,-0.053,1.623,-1.183,1.074,0.948,1.561,2.049,1.553,2.334,1.305,-0.743,-2.181,0.375,0.515,0.564,
Ia45_2,,SAMN09705357,su1,-0.111,0.068,-1.822,0.850,-0.067,1.455,-1.734,0.823,0.927,1.468,1.988,1.276,2.207,1.648,-0.811,-2.610,0.286,0.491,0.492,
Ia45_3,,SAMN09705358,su1,-0.287,-0.016,-1.272,0.552,-0.124,1.417,-1.666,0.931,0.657,1.385,1.864,1.358,2.154,1.166,-0.673,-1.921,0.328,0.554,0.566,
Ia5125,PI587135,SAMN09705359,su1,0.331,-0.932,-0.890,1.399,0.053,1.900,-0.143,1.389,1.603,1.864,2.446,1.561,2.640,0.029,-2.245,-2.282,0.467,0.263,0.457,
Ia5220,,SAMN09705363,su1,0.308,-1.839,-0.583,1.301,0.021,2.363,-1.227,1.186,1.383,2.119,2.564,1.305,2.693,-1.074,-3.611,-2.432,0.296,0.904,0.366,
Ia5261,,SAMN09705364,su1,0.252,-0.269,-0.544,2.045,0.046,2.493,0.388,1.091,2.229,2.199,2.878,1.432,2.991,0.330,-2.118,-2.487,0.453,0.027,0.336,
Ia59,,SAMN09705365,su1,0.449,0.343,-0.204,2.240,0.087,2.522,1.400,1.539,2.587,2.273,3.103,1.984,3.264,0.470,-1.671,-2.159,0.647,-0.310,0.403,
If825,,SAMN09705370,sh2,0.315,-1.447,-1.407,1.396,-0.154,2.082,-1.616,0.865,1.454,1.931,2.438,0.978,2.527,0.031,-2.907,-2.990,0.238,0.501,0.301,
If853,,SAMN09705371,sh2,0.108,-1.390,-1.570,1.705,-0.072,1.862,-1.107,1.269,1.769,1.757,2.464,1.401,2.621,0.182,-2.674,-2.895,0.249,-0.057,0.408,
Jubileeex9017,,SAMN09705374,su1,-0.094,-1.160,-1.606,1.132,-0.056,1.803,-0.860,0.902,1.263,1.669,2.218,1.073,2.331,0.506,-2.256,-2.821,0.366,0.329,0.351,
M23,Ames22034,SAMN09705381,su1,-0.115,0.416,-0.844,1.592,-0.297,2.002,-0.969,1.083,1.677,1.791,2.445,1.593,2.645,1.067,-1.157,-2.268,0.286,0.041,0.462,
M45,Ames22035,250032280,su1,0.478,0.453,-0.352,2.284,0.054,2.485,1.288,1.641,2.612,2.230,3.062,1.686,3.245,0.761,-1.466,-2.242,0.609,-0.307,0.433,
M822,,SAMN09705387,su1,-0.102,-0.292,-1.442,1.336,-0.273,1.664,-0.573,1.142,1.465,1.555,2.232,1.441,2.440,1.052,-1.385,-2.545,0.381,-0.021,0.472,
MDM_1,,SAMN09705388,su1,-0.169,-1.574,-1.744,1.191,-0.421,1.744,-0.385,0.884,1.380,1.566,2.180,1.005,2.292,0.222,-2.691,-2.930,0.456,0.197,0.349,
MDM_15,,SAMN09705390,su1,0.254,-1.263,-1.724,0.831,-0.221,1.960,-1.114,0.732,0.971,1.822,2.216,0.911,2.315,0.513,-2.564,-3.131,0.391,0.884,0.318,
MDM_16,,SAMN09705391,su1,-0.385,-1.625,-1.704,0.454,-0.206,1.622,-0.502,0.890,0.799,1.496,1.939,1.009,2.088,0.148,-2.584,-2.745,0.635,0.699,0.401,
MDM_17,,SAMN09705392,su1,0.134,-0.566,-1.062,1.816,-0.385,2.376,-0.080,1.128,1.961,2.034,2.657,1.360,2.784,0.420,-2.413,-2.891,0.397,0.216,0.361,
MDM_18,,SAMN09705393,su1,-0.120,-1.379,-1.539,0.711,-0.251,1.923,-0.140,0.843,1.082,1.715,2.157,1.028,2.286,0.195,-2.683,-2.905,0.666,0.661,0.363,
MDM_2,,SAMN09705395,su1,-0.037,-1.478,-1.487,1.099,-0.384,2.020,-0.075,0.931,1.380,1.773,2.313,1.070,2.425,0.092,-2.845,-2.995,0.564,0.363,0.342,
MDM_20,,SAMN09705396,su1,-0.020,-1.103,-1.256,1.912,-0.217,2.170,-0.316,1.179,2.034,1.903,2.654,1.338,2.775,0.152,-2.713,-2.874,0.346,-0.144,0.354,
MDM_5,,SAMN09705399,su1,-0.080,-0.898,-1.473,0.487,-0.023,1.879,-0.654,0.895,0.787,1.737,2.103,1.115,2.246,0.593,-2.152,-2.828,0.589,0.940,0.395,
MDM_9,,SAMN09705402,su1,-0.093,-1.511,-1.361,1.729,-0.473,1.969,-0.341,0.812,1.854,1.748,2.475,0.948,2.555,-0.072,-2.869,-2.822,0.363,-0.089,0.285,
Ma2402,,"SAMN09705406
SAMN09705407",su1,0.076,-0.132,-0.823,1.518,-0.218,2.118,-0.724,1.026,1.630,1.906,2.481,1.397,2.636,0.658,-1.709,-2.402,0.331,0.272,0.405,
Ma32,Ames22036,SAMN09705409,su1,0.165,-0.894,-0.817,1.936,0.044,2.149,-0.154,0.879,2.053,1.997,2.738,1.148,2.830,-0.034,-2.464,-2.454,0.361,-0.134,0.298,
Ma401,,SAMN09705410,su1,-0.940,-0.485,-2.007,0.789,-0.553,1.311,-1.684,1.292,0.867,1.094,1.711,1.535,2.090,1.438,-1.089,-2.630,0.291,0.154,0.670,
Ma5125,,SAMN09705411,su1,0.391,-0.979,-0.592,1.236,-0.251,2.544,-0.245,1.036,1.445,2.208,2.624,1.219,2.731,-0.355,-2.922,-2.530,0.481,0.865,0.333,
Ma83608,,SAMN09705413,su1,-0.784,-0.733,-1.908,0.992,-0.385,1.316,-0.964,0.970,1.137,1.138,1.877,1.199,2.100,1.143,-1.246,-2.422,0.390,-0.144,0.491,
Me1,Ames22037,SAMN09705416,su1,-0.041,-0.597,-0.946,1.811,0.052,1.903,0.385,1.364,2.019,1.809,2.641,1.531,2.789,0.324,-1.964,-2.315,0.489,-0.330,0.406,
Me100,Ames22038,SAMN09705417,su1,0.246,-0.846,-1.003,1.897,0.257,1.946,0.110,1.313,2.056,1.913,2.684,1.500,2.829,0.157,-2.246,-2.388,0.418,-0.201,0.384,
Me121_wb,,SAMN09705418,su1,0.352,-0.898,-1.048,1.703,0.224,2.356,-1.086,0.621,1.771,2.147,2.668,0.948,2.744,0.134,-2.695,-2.862,0.258,0.417,0.262,
Me123,Ames22040,SAMN09705419,su1,0.368,-1.271,-0.831,2.004,0.255,2.213,0.559,1.184,2.203,2.087,2.811,1.322,2.914,-0.388,-2.910,-2.513,0.482,-0.095,0.320,
Me135,Ames22041,SAMN09705420,su1,0.421,-0.942,-0.229,2.099,0.217,2.206,0.132,1.372,2.228,2.136,2.867,1.540,2.995,-0.649,-2.646,-1.907,0.378,-0.113,0.359,
Me2,,SAMN09705421,su1,0.188,-0.603,-0.684,1.156,0.046,2.389,0.934,1.250,1.773,2.115,2.684,1.490,2.824,0.084,-2.438,-2.498,0.892,0.346,0.383,
Me244_Wb,,SAMN09705423,su1,0.391,-0.794,-0.743,1.852,0.099,2.245,-0.319,1.024,1.963,2.092,2.696,1.233,2.802,-0.034,-2.499,-2.446,0.345,0.204,0.326,
Me2rt,,SAMN09705427,su1,0.428,-0.702,-0.805,2.017,0.101,2.292,0.465,1.205,2.196,2.121,2.860,1.423,2.971,0.111,-2.430,-2.541,0.449,-0.119,0.334,
NJ112,Ames22044,SAMN09705438,su1,0.297,-0.384,-0.737,1.422,-0.096,2.362,0.468,1.109,1.732,2.105,2.629,1.412,2.765,0.368,-2.137,-2.531,0.614,0.408,0.375,
NJ159,Ames22047,SAMN09705441,su1,-0.208,-0.236,-0.821,1.631,-0.029,2.036,-0.047,1.078,1.815,1.851,2.528,1.407,2.680,0.563,-1.738,-2.369,0.438,0.014,0.398,
NJ618,,SAMN09705443,su1,0.310,-0.459,-0.716,1.707,-0.052,2.241,-0.826,0.930,1.793,2.064,2.656,1.222,2.761,0.198,-2.220,-2.400,0.297,0.232,0.325,
NJ7Y,,SAMN09705444,su1,0.201,-1.339,-0.709,0.794,-0.310,2.071,-0.758,0.863,0.999,1.891,2.291,1.023,2.398,-0.509,-2.848,-2.227,0.468,0.922,0.335,
P14,,SAMN09705459,su1,-0.041,-0.676,-1.141,1.533,-0.017,1.830,-0.421,0.900,1.672,1.721,2.382,1.152,2.504,0.467,-1.921,-2.448,0.380,0.046,0.357,
P35,,SAMN09705460,su1,0.331,-0.978,-0.703,2.071,-0.001,2.262,0.423,1.114,2.255,2.068,2.845,1.300,2.945,-0.220,-2.662,-2.406,0.434,-0.194,0.314,
P39,PI587133,"SAMN09705469
SAMN09705468",su1,0.375,-0.927,-0.452,2.185,0.115,2.517,0.431,1.097,2.347,2.253,2.983,1.276,3.064,-0.631,-3.023,-2.383,0.422,-0.070,0.284,
P39LE_261_61,,SAMN09705461,su1,0.404,-0.940,-0.419,2.155,0.067,2.443,1.369,1.062,2.529,2.207,3.040,1.249,3.120,-0.502,-2.836,-2.281,0.676,-0.312,0.271,
P39Le_253_60,,SAMN09705463,su1,0.435,-0.688,-0.321,2.254,-0.006,2.701,1.154,1.167,2.575,2.320,3.096,1.365,3.185,-0.408,-2.854,-2.386,0.600,-0.158,0.294,
P39M94,,SAMN09705464,su1,0.321,-1.178,-0.705,2.309,0.122,2.349,0.134,1.070,2.433,2.125,2.953,1.226,3.040,-0.383,-2.887,-2.507,0.346,-0.302,0.286,
P39M96,Ames22048,SAMN09705465,su1,0.340,-1.314,-0.909,2.440,0.008,2.342,0.017,0.910,2.539,2.111,2.975,1.059,3.052,-0.268,-2.988,-2.707,0.311,-0.419,0.257,
P39_10_226,,SAMN09705467,su1,0.367,-1.223,-0.759,1.875,-0.025,2.365,0.483,1.025,2.097,2.128,2.821,1.182,2.906,-0.400,-2.995,-2.554,0.499,0.001,0.288,
P39_Goodman_Buckler,Ames28186,"250034920
250035062",su1,0.410,-0.732,-0.143,1.726,-0.010,2.767,0.787,1.060,2.066,2.358,2.903,1.283,2.996,-0.506,-2.819,-2.264,0.624,0.402,0.303,
P39_New,,SAMN09705471,su1,0.330,-0.761,-0.366,2.059,0.100,2.308,1.249,1.428,2.486,2.131,2.944,1.632,3.076,-0.316,-2.524,-2.159,0.701,-0.307,0.364,
P39a,NSL8583,250034757,su1,0.312,-1.173,-0.433,2.440,0.036,2.548,0.415,1.094,2.578,2.230,3.069,1.249,3.150,-0.685,-3.155,-2.432,0.371,-0.313,0.276,
P39b,,SAMN09705473,su1,0.372,-1.022,-0.348,2.341,0.102,2.663,0.333,1.064,2.486,2.292,3.015,1.247,3.104,-0.610,-3.126,-2.420,0.381,-0.090,0.283,
P39xRp1d,,SAMN09705474,su1,0.241,-0.700,-0.428,2.171,0.003,2.291,1.151,1.090,2.494,2.086,2.960,1.303,3.053,-0.326,-2.572,-2.146,0.606,-0.383,0.301,
P51,Ames22049,SAMN09705475,su1,0.245,-0.862,-0.576,2.057,-0.107,2.309,0.617,1.363,2.294,2.062,2.837,1.543,2.973,-0.225,-2.569,-2.355,0.502,-0.199,0.370,
P51B,NSL8582,SAMN09705476,su1,0.270,-0.502,-0.127,1.954,-0.240,2.717,0.899,1.300,2.277,2.303,2.966,1.528,3.083,-0.365,-2.644,-2.260,0.600,0.086,0.343,
P51xRp1d,,SAMN09705478,su1,-0.095,-0.761,-0.826,1.682,0.158,2.171,0.061,1.293,1.873,1.966,2.606,1.485,2.759,0.080,-2.384,-2.470,0.446,0.116,0.400,
R825,NSL42805,SAMN09705482,sh2,0.216,-0.997,-1.328,1.169,-0.155,1.954,-1.570,0.895,1.231,1.835,2.331,1.092,2.442,0.305,-2.401,-2.697,0.258,0.562,0.345,
R839,NSL42806,SAMN09705483,sh2,0.486,-1.482,-0.992,1.941,0.488,1.920,-0.419,1.121,2.033,2.022,2.678,1.252,2.788,-0.409,-2.820,-2.372,0.312,0.057,0.331,
R851,NSL42807,SAMN09705485,sh2,0.534,-0.753,-0.462,1.827,0.139,2.319,-0.958,1.055,1.892,2.173,2.743,1.267,2.845,-0.298,-2.588,-2.219,0.255,0.341,0.324,
R853,NSL42808,SAMN09705487,sh2,0.082,-0.971,-1.465,1.676,0.014,1.653,-0.841,1.182,1.752,1.637,2.398,1.371,2.553,0.471,-2.000,-2.472,0.284,-0.221,0.410,
S4,Ames23508,SAMN09705492,su1,0.491,-0.386,-0.450,1.593,0.148,2.757,-0.049,1.205,1.773,2.397,2.852,1.489,2.976,0.090,-2.473,-2.595,0.444,0.624,0.351,
S43,Ames23510,SAMN09705493,su1,0.313,-0.872,-0.488,1.715,0.084,2.601,0.535,1.406,1.977,2.281,2.860,1.526,2.984,-0.355,-2.864,-2.519,0.551,0.262,0.366,
SC1441,,SAMN09705494,sh2,0.223,-1.131,-0.589,2.412,-0.040,2.206,0.547,1.983,2.572,2.027,3.000,2.143,3.198,-0.506,-2.838,-2.256,0.401,-0.571,0.459,
SC6069,,SAMN09705495,sh2,0.252,-1.037,-0.648,2.560,-0.046,2.164,0.695,2.095,2.710,2.001,3.037,2.254,3.250,-0.355,-2.672,-2.293,0.395,-0.663,0.475,
SD176,,SAMN09705497,su1,0.399,-0.102,-0.649,1.547,0.054,2.120,-0.353,1.058,1.674,2.021,2.577,1.475,2.723,0.523,-1.697,-2.261,0.387,0.320,0.403,
SD226,,SAMN09705498,su1,-0.015,-0.440,-1.286,1.085,0.061,1.779,-0.748,0.720,1.229,1.720,2.247,1.098,2.369,0.791,-1.648,-2.479,0.400,0.383,0.358,
SD277,,SAMN09705500,su1,0.219,-0.022,-0.885,1.806,0.100,1.836,-0.613,1.189,1.902,1.817,2.578,1.560,2.747,0.777,-1.379,-2.151,0.314,-0.175,0.421,
SD42,PI508277,SAMN09705502,su1,0.126,-0.538,-0.654,2.178,-0.221,2.129,0.641,1.340,2.369,1.956,2.868,1.578,3.002,0.140,-2.117,-2.253,0.462,-0.475,0.368,
SD469,,SAMN09705503,su1,0.236,-0.056,-0.488,2.150,-0.170,2.520,0.048,1.135,2.273,2.173,2.872,1.490,2.992,0.379,-2.048,-2.417,0.356,0.012,0.352,
SD592,,SAMN09705504,su1,0.029,-0.993,-0.857,1.418,-0.135,2.311,-0.597,0.920,1.533,2.044,2.536,1.174,2.640,-0.073,-2.683,-2.611,0.366,0.494,0.328,
SD789,,SAMN09705505,su1,0.031,-0.863,-0.660,1.918,-0.066,2.256,0.818,1.359,2.237,2.021,2.799,1.537,2.935,-0.137,-2.532,-2.376,0.605,-0.201,0.373,
SD829,,SAMN09705506,su1,0.362,-0.953,-0.953,2.005,0.104,2.399,-0.140,0.994,2.119,2.153,2.791,1.170,2.885,-0.030,-2.812,-2.776,0.348,0.116,0.300,
SD883,,SAMN09705507,su1,-0.206,-1.410,-1.064,1.724,-0.268,1.864,0.101,1.125,1.922,1.700,2.531,1.198,2.639,-0.254,-2.657,-2.398,0.460,-0.321,0.341,
SD884,,SAMN09705508,su1,0.286,-0.547,-0.510,1.723,0.040,2.231,0.050,1.231,1.882,2.070,2.705,1.470,2.843,-0.045,-2.280,-2.173,0.430,0.104,0.371,
SD908,,SAMN09705509,su1,0.460,-0.818,-0.037,1.347,0.066,2.487,0.294,0.931,1.634,2.252,2.709,1.163,2.813,-0.666,-2.757,-1.961,0.580,0.744,0.322,
SD909,,SAMN09705510,su1,0.261,-0.877,-0.484,1.999,-0.055,2.313,0.962,1.164,2.313,2.086,2.872,1.340,2.975,-0.390,-2.696,-2.274,0.593,-0.207,0.320,
Strain_304A_408_68B,,SAMN09705529,su1,0.047,-1.366,-1.155,1.397,-0.173,2.418,0.363,1.046,1.701,2.072,2.585,1.149,2.689,-0.179,-3.176,-3.013,0.592,0.445,0.325,
Strain_675A_415_68B,,SAMN09705532,su1,-0.003,-1.068,-1.271,0.415,-0.396,2.106,-1.226,0.928,0.597,1.846,2.155,1.114,2.290,0.251,-2.570,-2.879,0.438,1.236,0.382,
Strain_T20_2_68B,,"SAMN09705534
SAMN09705533",su1,0.164,-0.661,-0.396,2.204,-0.045,2.515,0.077,1.874,2.329,2.191,2.920,2.072,3.119,-0.213,-2.577,-2.367,0.365,-0.061,0.459,
Strain_T24_395_68B,,SAMN09705536,su1,0.349,-0.686,-0.492,1.222,0.148,2.801,-0.661,1.435,1.366,2.374,2.721,1.583,2.873,-0.200,-2.865,-2.698,0.389,1.085,0.408,
Strain_T32_397_68r,,SAMN09705537,su1,0.073,-0.872,-0.803,1.790,-0.007,2.685,0.621,1.246,2.055,2.255,2.836,1.372,2.946,-0.053,-2.900,-2.865,0.553,0.281,0.341,
Strain_T33_399_68B,,SAMN09705538,su1,0.212,-0.532,-0.193,1.685,0.126,2.545,-0.014,1.528,1.854,2.250,2.742,1.747,2.920,-0.327,-2.545,-2.164,0.426,0.502,0.433,
Strain_T35_388_68A,,SAMN09705539,su1,0.257,-1.081,-0.823,1.226,-0.086,2.313,-0.288,1.101,1.434,2.065,2.526,1.272,2.654,-0.157,-2.743,-2.596,0.467,0.658,0.364,
T625,,SAMN09705541,su1,0.012,-0.858,-0.268,0.633,0.105,2.542,-0.483,1.027,0.914,2.217,2.524,1.243,2.649,-0.470,-2.739,-2.206,0.570,1.340,0.362,
T62s,PI509045,SAMN09705542,su1,0.138,-0.767,-0.033,0.973,-0.170,2.832,0.070,0.921,1.327,2.357,2.706,1.147,2.799,-0.695,-2.977,-2.208,0.643,1.146,0.303,
V775,,SAMN09705545,sh2,0.167,-0.970,-1.235,1.443,-0.052,1.810,0.126,0.924,1.665,1.753,2.407,1.112,2.516,0.231,-2.233,-2.506,0.511,0.046,0.335,
V781,,SAMN09705546,su1,-0.064,-1.055,-1.293,1.983,-0.148,2.187,-0.157,1.082,2.090,1.935,2.725,1.244,2.827,0.213,-2.679,-2.966,0.347,-0.201,0.320,
VIA5492,,SAMN09705547,su1,0.285,-1.181,-1.298,1.035,0.151,1.998,0.401,1.111,1.482,1.929,2.458,1.263,2.589,0.148,-2.577,-2.764,0.742,0.372,0.368,
Vineland576,,SAMN09705548,su1,0.520,0.224,0.461,1.662,0.130,2.820,0.535,1.495,1.954,2.486,2.947,1.902,3.119,-0.231,-2.055,-1.724,0.581,0.652,0.420,
W1736,Ames22051,SAMN09705549,su1,0.301,-0.800,-0.779,1.629,-0.034,2.091,0.316,1.116,1.885,1.969,2.602,1.326,2.730,-0.013,-2.380,-2.387,0.529,0.111,0.361,
W3647,Ames22053,SAMN09705551,su1,0.275,-0.827,-0.807,1.847,0.113,2.311,0.085,1.161,2.014,2.091,2.759,1.357,2.876,-0.019,-2.578,-2.541,0.412,0.053,0.342,
W3742,Ames22055,SAMN09705554,su1,0.432,-0.924,-0.596,1.512,0.123,2.371,-0.704,0.845,1.623,2.171,2.657,1.130,2.757,-0.293,-2.723,-2.424,0.331,0.547,0.313,
W5543,Ames22056,250033070,su1,0.391,-0.936,-0.472,1.941,-0.046,2.148,1.259,1.638,2.316,2.043,2.883,1.736,3.035,-0.453,-2.598,-2.099,0.685,-0.336,0.410,
W5552,Ames22057,SAMN09705556,su1,0.435,-0.503,-0.594,1.405,0.181,2.394,0.107,0.991,1.662,2.193,2.670,1.264,2.780,0.058,-2.369,-2.432,0.533,0.590,0.336,
W5579,Ames22058,SAMN09705557,su1,0.532,-1.105,-0.748,1.629,0.025,2.186,0.430,1.048,1.907,2.068,2.678,1.184,2.779,-0.311,-2.729,-2.384,0.555,0.186,0.322,
W6366,Ames22059,SAMN09705558,su1,0.163,-0.940,-1.249,1.603,-0.036,2.119,-0.286,0.951,1.743,1.927,2.530,1.155,2.635,0.302,-2.498,-2.805,0.385,0.195,0.328,
W6462,Ames22060,SAMN09705559,su1,0.070,-1.248,-0.913,1.505,-0.247,1.839,0.503,1.044,1.809,1.727,2.469,1.195,2.587,-0.303,-2.549,-2.217,0.586,-0.135,0.350,
W6714,Ames22061,SAMN09705561,su1,0.624,-0.885,-0.657,0.996,0.218,2.341,-1.672,0.887,1.068,2.204,2.526,1.105,2.625,-0.188,-2.648,-2.482,0.267,1.198,0.318,
W6720_1,Ames22062,SAMN09705562,su1,0.391,-0.862,-1.239,1.736,0.056,2.174,-0.820,0.849,1.818,2.020,2.619,1.068,2.710,0.360,-2.449,-2.851,0.291,0.235,0.303,
W6728,Ames22064,SAMN09705564,su1,0.395,-0.534,-0.721,1.710,0.156,2.217,0.073,1.091,1.881,2.071,2.650,1.346,2.774,0.175,-2.212,-2.399,0.439,0.300,0.360,
W6757,Ames22065,SAMN09705566,su1,0.312,1.041,-1.143,2.354,-0.108,1.689,-0.596,0.951,2.413,1.722,2.749,1.922,2.953,1.976,-0.215,-2.276,0.242,-0.671,0.470,
W6786,Ames22066,SAMN09705567,su1,0.077,-1.301,-1.173,1.679,0.006,2.169,-0.189,0.991,1.829,1.953,2.581,1.131,2.680,-0.100,-2.876,-2.810,0.396,0.137,0.318,
W7151,Ames22067,SAMN09705569,su1,0.337,-1.124,-0.610,2.103,0.121,1.972,1.100,1.377,2.409,1.946,2.869,1.523,2.994,-0.477,-2.586,-2.036,0.603,-0.494,0.356,
W822GSe,,SAMN09705571,su1,0.288,-1.219,-1.281,2.129,0.012,2.223,-0.920,1.032,2.178,2.034,2.816,1.191,2.904,0.126,-2.789,-2.957,0.233,-0.259,0.290,
W822Gse,,SAMN09705572,su1,0.158,-1.467,-2.039,1.260,0.103,1.686,-1.861,0.825,1.303,1.681,2.225,0.974,2.328,0.601,-2.468,-3.150,0.220,0.349,0.320,
WVG3,,SAMN09705574,su1,0.363,-0.914,-0.938,1.272,0.229,2.263,-0.495,1.223,1.410,2.105,2.570,1.407,2.715,0.019,-2.622,-2.681,0.408,0.645,0.383,
We02412,,SAMN09705578,su1,0.006,-0.904,-1.995,0.819,-0.099,1.604,-2.754,0.873,0.862,1.543,1.994,1.092,2.145,1.030,-1.855,-2.971,0.193,0.616,0.406,
We03418a,,SAMN09705579,su1,-0.162,-0.949,-2.019,0.927,0.038,1.424,-0.848,0.947,1.093,1.424,2.005,1.139,2.176,1.025,-1.606,-2.737,0.413,0.231,0.430,
We05401,,SAMN09705580,su1,-0.386,-0.785,-1.403,0.548,-0.150,1.868,-1.137,1.257,0.702,1.674,2.048,1.456,2.298,0.587,-2.077,-2.697,0.422,0.896,0.525,
We05407,,SAMN09705581,su1,-0.380,-0.844,-1.835,0.860,-0.350,1.713,-1.908,1.034,0.919,1.518,1.978,1.234,2.178,0.969,-1.928,-3.006,0.262,0.610,0.469,
We05408,,SAMN09705582,su1,-0.434,-0.949,-1.602,0.680,-0.305,1.869,-2.698,0.965,0.718,1.646,2.019,1.154,2.192,0.651,-2.217,-2.923,0.201,0.928,0.432,
We05411,,"SAMN09705584
SAMN09705585",su1,-0.643,-0.730,-1.967,0.754,-0.544,1.442,-0.971,0.812,0.910,1.214,1.821,1.078,2.001,1.189,-1.422,-2.714,0.424,0.127,0.441,
We06410,,SAMN09705588,su1,-0.487,-0.468,-2.072,1.278,-0.235,1.455,-1.161,0.981,1.363,1.303,2.034,1.260,2.233,1.512,-1.204,-2.837,0.298,-0.131,0.466,
We08408,,SAMN09705589,su1,0.563,-1.080,-0.785,1.614,0.052,2.087,-0.221,1.035,1.752,2.031,2.605,1.201,2.709,-0.275,-2.632,-2.371,0.398,0.268,0.325,
We08414a,,SAMN09705590,su1,0.309,-1.088,-1.306,1.385,0.016,1.779,-0.567,0.919,1.527,1.768,2.367,1.088,2.480,0.207,-2.296,-2.538,0.381,0.214,0.342,
We08417a,,SAMN09705591,su1,0.234,-1.606,-1.884,0.964,0.202,1.724,-0.918,0.755,1.095,1.736,2.206,0.883,2.295,0.269,-2.702,-2.988,0.387,0.562,0.299,
We09402,,SAMN09705592,su1,0.249,-0.770,-1.280,1.360,0.084,1.710,0.212,1.068,1.647,1.736,2.379,1.280,2.527,0.518,-1.884,-2.453,0.575,0.096,0.394,
We09413,,SAMN09705593,su1,-0.263,-1.334,-1.372,1.024,-0.264,1.665,-0.155,0.889,1.276,1.524,2.148,1.065,2.275,0.058,-2.362,-2.409,0.548,0.108,0.360,
We09425,,"SAMN09705595
SAMN09705594",su1,0.313,-1.198,-0.985,1.677,0.177,2.096,0.773,1.103,2.013,1.988,2.702,1.249,2.804,-0.186,-2.736,-2.536,0.632,-0.069,0.320,
Wh01001,,SAMN09705606,sh2,0.035,0.056,-0.190,1.824,-0.240,2.243,1.309,1.474,2.396,2.021,2.863,1.830,3.036,0.207,-1.756,-1.963,0.824,-0.379,0.416,
Wh03031,,"SAMN09705608 SAMN09705609
SAMN09705607",sh2,0.727,-0.948,-0.320,2.250,0.123,2.727,-0.122,1.084,2.359,2.404,3.043,1.271,3.126,-0.563,-2.993,-2.421,0.319,0.123,0.281,
Wh04020a,,SAMN09705610,sh2,0.080,-1.597,-1.290,1.782,-0.141,1.866,-0.429,1.106,1.908,1.737,2.543,1.219,2.656,-0.257,-2.828,-2.606,0.357,-0.277,0.341,
Wh05051,,SAMN09705618,sh2,0.336,-0.705,-0.494,2.350,0.051,2.032,1.190,1.744,2.648,1.975,3.027,1.930,3.189,-0.184,-2.259,-2.013,0.579,-0.707,0.409,
Wh07020a,,"SAMN09705626
SAMN09705627",sh2,0.234,-1.016,-1.311,2.327,-0.120,1.899,-0.455,0.917,2.398,1.814,2.807,1.110,2.889,0.287,-2.388,-2.689,0.259,-0.602,0.282,
Wh08022,,SAMN09705636,sh2,0.246,-1.070,-0.176,2.426,-0.275,2.844,0.557,1.242,2.579,2.349,3.113,1.394,3.202,-0.810,-3.205,-2.328,0.405,-0.151,0.293,
Wh08042,,SAMN09705639,sh2,0.316,-0.486,-1.015,2.106,-0.112,1.776,0.269,1.788,2.264,1.768,2.738,1.942,2.946,0.471,-1.730,-2.213,0.402,-0.579,0.488,
Wh08091,,SAMN09705640,sh2,0.611,-0.655,0.088,2.903,-0.040,3.174,1.198,1.389,3.095,2.540,3.425,1.599,3.526,-0.658,-3.067,-2.273,0.438,-0.415,0.295,
Wh08092,,SAMN09705641,sh2,0.337,-1.334,-1.841,1.408,0.585,1.515,-1.730,1.109,1.464,1.824,2.405,1.169,2.518,0.506,-2.086,-2.659,0.230,0.257,0.354,
Wh08115b,,SAMN09705643,sh2,0.103,-1.012,-0.948,1.850,0.046,1.768,0.158,1.116,2.038,1.766,2.576,1.289,2.701,-0.049,-2.284,-2.155,0.443,-0.295,0.360,
Wh09009,,SAMN09705644,sh2,0.403,-1.340,-0.943,2.227,-0.328,2.307,-0.326,1.071,2.295,2.065,2.835,1.204,2.923,-0.347,-3.045,-2.712,0.285,-0.195,0.292,
Wh09033,,SAMN09705645,sh2,0.362,-1.471,-1.312,2.240,0.027,1.849,-0.512,1.204,2.317,1.839,2.561,1.321,2.686,-0.098,-2.748,-2.292,0.341,-0.350,0.361,
Wh09061,,SAMN09705647,sh2,0.346,-0.326,-0.495,2.064,-0.261,2.449,0.203,1.799,2.224,2.150,2.859,2.056,3.059,0.123,-2.277,-2.378,0.402,-0.038,0.464,
Wh09075,,SAMN09705651,sh2,0.201,-0.424,-0.749,2.305,-0.200,2.322,0.609,NA,2.489,2.046,2.933,NA,3.242,0.304,-2.210,-2.510,0.436,-0.454,0.588,
Wh09117R,,SAMN09705654,sh2,-0.118,0.030,0.336,2.431,-0.045,2.727,1.569,1.682,2.856,2.320,3.203,2.014,3.351,-0.320,-2.272,-1.855,0.691,-0.447,0.379,
Wh09126R,,SAMN09705655,sh2,0.635,-0.606,0.338,2.833,0.160,2.833,1.508,1.363,3.078,2.506,3.501,1.578,3.580,-0.877,-2.822,-1.834,0.521,-0.577,0.271,
Wh09137R,,SAMN09705657,sh2,0.565,-0.364,0.531,2.193,0.263,3.060,0.671,1.946,2.406,2.602,3.175,2.183,3.349,-0.807,-2.742,-1.830,0.474,0.304,0.422,
Wh10006R,,SAMN09705660,sh2,0.551,0.468,-0.997,1.710,0.443,1.591,-1.032,0.927,1.776,1.907,2.536,1.532,2.707,1.253,-0.692,-2.064,0.258,0.185,0.425,
Wh10034R,,SAMN09705661,sh2,0.386,-0.795,-0.090,2.459,-0.274,2.944,0.695,1.572,2.631,2.396,3.129,1.779,3.257,-0.550,-2.967,-2.369,0.435,-0.087,0.350,
Wh10035R,,SAMN09705662,sh2,0.507,0.263,0.830,2.965,-0.094,3.076,2.184,2.111,3.340,2.627,3.644,2.451,3.783,-0.609,-2.286,-1.492,0.675,-0.637,0.368,
Wh10046R,,SAMN09705663,sh2,-0.339,0.489,-1.483,2.124,-0.289,1.326,-0.465,1.405,2.203,1.294,2.494,1.907,2.751,1.708,-0.249,-2.129,0.280,-1.088,0.527,
Wh10049R,,SAMN09705664,sh2,-0.313,0.505,-1.288,1.963,-0.357,1.384,-0.908,1.243,2.014,1.316,2.390,1.808,2.660,1.561,-0.271,-1.916,0.251,-0.884,0.537,
Wh10802R,,SAMN09705677,su1,-0.243,-1.399,-1.890,0.836,-0.247,1.755,-1.477,0.712,0.934,1.601,2.081,0.871,2.175,0.544,-2.442,-3.075,0.322,0.545,0.320,
Wh10804R,,"SAMN09705678
SAMN09705679",su1,-0.407,0.335,-1.883,1.121,-0.051,1.274,-1.258,1.050,1.212,1.235,1.929,1.604,2.268,2.101,-0.127,-2.358,0.306,-0.061,0.623,
Wh1095407_2,,SAMN09705680,su1,-0.456,-0.579,-1.509,1.630,-0.570,1.547,-1.119,0.750,1.702,1.376,2.281,1.075,2.397,0.885,-1.442,-2.407,0.266,-0.554,0.353,
Wh92047,,"SAMN09705681
SAMN09705682 SAMN09705683",su1sh2,0.386,-0.842,-0.381,-0.449,-0.164,2.735,-2.325,0.864,-0.320,2.287,2.553,1.075,2.649,-0.380,-2.916,-2.457,0.385,NA,0.314,
Wh9261,,"SAMN09705685 SAMN09705686
SAMN09705687",sh2,0.568,0.030,0.356,2.802,0.020,2.820,1.347,1.644,3.013,2.490,3.453,1.947,3.575,-0.319,-2.236,-1.839,0.485,-0.549,0.351,
Wh93006,,SAMN09705688,sh2,0.200,-1.043,-1.624,2.461,0.001,1.877,-0.573,1.057,2.521,1.789,2.801,1.244,2.901,0.570,-2.273,-2.883,0.235,-0.736,0.311,
Wh93016,,SAMN09705689,sh2,0.241,-1.065,-0.712,2.180,-0.303,2.445,0.970,1.148,2.485,2.102,2.932,1.334,3.034,-0.264,-2.907,-2.645,0.567,-0.351,0.310,
Wh95016a,,SAMN09705692,sh2,0.702,-0.746,0.400,2.575,-0.065,3.077,0.820,1.922,2.726,2.607,3.307,2.106,3.454,-1.049,-3.116,-1.959,0.413,-0.022,0.382,
Wh96011,,SAMN09705693,sh2,0.241,-0.275,-0.548,2.389,-0.054,1.881,0.686,1.867,2.552,1.843,2.909,2.059,3.108,0.259,-1.663,-1.881,0.432,-0.749,0.475,
Wh98063,,SAMN09705697,sh2,0.332,-1.229,-0.269,2.362,-0.022,2.302,0.738,1.500,2.563,2.126,3.019,1.637,3.143,-0.814,-2.941,-2.061,0.463,-0.428,0.351,
Wu00801,,SAMN09705701,su1,0.073,-0.511,-0.747,1.120,-0.116,2.193,-0.249,1.033,1.352,1.975,2.425,1.300,2.570,0.234,-2.187,-2.389,0.507,0.697,0.392,
Wu00802,,SAMN09705702,su1,0.132,-0.606,-0.417,1.470,-0.373,2.723,0.268,1.106,1.740,2.258,2.725,1.347,2.840,-0.217,-2.746,-2.480,0.554,0.657,0.347,
Wu04806,,SAMN09705704,su1,-0.137,-1.328,-1.585,1.293,0.029,1.425,0.308,1.024,1.604,1.451,2.231,1.113,2.349,0.246,-2.097,-2.365,0.604,-0.211,0.364,
Wu04819,,SAMN09705705,su1,0.104,-1.398,-1.477,1.275,0.193,1.466,-0.115,1.003,1.501,1.583,2.253,1.129,2.383,0.104,-2.205,-2.290,0.505,0.029,0.372,
Wu99811,,SAMN09705707,su1,-0.234,-1.630,-2.191,0.722,-0.433,1.723,-1.215,0.839,0.893,1.517,1.985,0.969,2.108,0.575,-2.668,-3.352,0.407,0.551,0.366,
Wu99823,,SAMN09705710,su1,0.331,-0.458,-0.847,1.681,0.141,2.190,0.778,1.903,2.029,2.053,2.717,2.124,2.972,0.411,-2.073,-2.490,0.643,0.054,0.525,
Wuh07182i,,SAMN09705713,sh2,0.153,-0.977,-0.895,1.660,-0.027,1.938,-1.004,1.042,1.731,1.845,2.466,1.225,2.590,-0.023,-2.336,-2.297,0.279,0.152,0.363,
Wuh07183i,,SAMN09705714,sh2,0.466,-1.023,-0.802,1.744,0.026,2.081,-1.057,1.137,1.796,1.998,2.629,1.312,2.750,-0.170,-2.538,-2.348,0.260,0.107,0.348,
Wuh07186i,,"SAMN09705715
SAMN09705716",sh2,0.466,-0.495,-0.109,2.611,0.288,2.679,0.717,1.546,2.783,2.357,3.197,1.794,3.321,-0.310,-2.568,-2.231,0.398,-0.349,0.341,
Wuh07413i,,SAMN09705717,su1sh2,-0.002,-0.873,-1.393,2.049,-0.220,1.982,0.108,1.230,2.190,1.772,2.619,1.436,2.762,0.511,-2.244,-2.835,0.385,-0.412,0.384,
Wuh07422i,,SAMN09705718,su1sh2,0.191,-1.041,-1.281,2.319,0.016,2.400,0.151,1.476,2.437,2.103,2.965,1.568,3.088,0.240,-2.821,-3.155,0.341,-0.370,0.363,
Wuh07429i,,"SAMN09705720 SAMN09705719 SAMN09705723 SAMN09705721
SAMN09705722",su1sh2,0.288,-0.594,-0.404,2.253,0.209,2.265,0.813,1.172,2.489,2.125,2.985,1.398,3.084,-0.193,-2.378,-2.144,0.505,-0.365,0.310,
Wuh07466i,,SAMN09705724,su1sh2,-0.138,-1.038,-0.996,1.574,-0.008,2.295,-0.755,1.324,1.679,2.018,2.573,1.493,2.730,0.006,-2.729,-2.759,0.324,0.344,0.407,
Wuh07481i,,SAMN09705726,su1sh2,0.154,-0.670,-0.259,2.167,0.221,1.922,0.690,2.222,2.391,1.946,2.859,2.414,3.136,-0.399,-2.178,-1.645,0.485,-0.474,0.548,
Wuh09097i,,SAMN09705729,su1sh2,0.654,-1.607,-0.904,1.833,-0.036,2.332,0.472,0.815,2.077,2.171,2.806,0.927,2.869,-0.657,-3.371,-2.711,0.520,0.132,0.239,
Wuh09144i,,SAMN09705731,su1sh2,0.184,-0.879,-0.977,1.739,-0.292,2.441,-0.602,1.103,1.836,2.107,2.657,1.303,2.773,0.150,-2.679,-2.857,0.320,0.380,0.347,
Wuh09149i,,SAMN09705732,su1sh2,0.156,-1.079,-0.690,2.004,0.019,2.028,0.202,1.288,2.161,1.912,2.671,1.454,2.812,-0.268,-2.526,-2.195,0.421,-0.191,0.377,
Wuh09150i,,SAMN09705733,su1sh2,0.053,-1.531,-1.409,1.533,0.101,1.846,-0.154,1.139,1.712,1.776,2.442,1.250,2.576,-0.118,-2.803,-2.730,0.432,0.031,0.373,
Wuh09153i,,SAMN09705734,su1sh2,0.073,-1.066,-1.556,1.970,-0.122,1.959,-0.004,1.197,2.113,1.811,2.626,1.364,2.757,0.438,-2.497,-3.036,0.383,-0.303,0.368,
Wuh09164i,,SAMN09705735,su1sh2,0.199,-0.367,0.257,1.956,-0.120,2.603,0.295,1.227,2.134,2.315,2.933,1.509,3.050,-0.578,-2.438,-1.759,0.440,0.160,0.341,
Wuh09170i,,SAMN09705736,su1sh2,0.296,-0.617,-0.369,1.925,0.146,2.668,-0.045,1.248,2.045,2.315,2.897,1.474,3.013,-0.234,-2.703,-2.493,0.375,0.278,0.336,
Wuh09174i,,SAMN09705737,su1sh2,0.248,-0.820,-0.324,2.104,-0.068,2.058,1.212,1.304,2.481,1.965,2.879,1.508,3.003,-0.338,-2.321,-1.894,0.666,-0.531,0.348,
Wuh09183i,,"SAMN09705738
SAMN09705739",su1sh2,0.655,-0.726,0.130,2.213,0.378,2.325,1.467,1.518,2.633,2.280,3.117,1.700,3.239,-0.813,-2.632,-1.643,0.711,-0.302,0.349,
Wuh09188i,,SAMN09705740,su1sh2,-0.157,-0.677,-1.120,1.313,-0.127,1.803,0.234,1.132,1.627,1.691,2.339,1.352,2.507,0.414,-1.961,-2.380,0.597,0.110,0.425,
Wuh09191i,,SAMN09705741,su1sh2,0.492,-0.907,-0.820,1.671,0.622,1.686,0.068,1.059,1.856,1.927,2.560,1.243,2.676,-0.072,-2.082,-1.918,0.455,0.141,0.345,
Wuh98032,,"SAMN09705742
SAMN09705743",sh2,-0.240,0.359,-1.383,2.205,-0.230,1.376,-0.759,1.203,2.258,1.325,2.626,1.722,2.823,1.606,-0.354,-2.029,0.236,-1.137,0.455,
"† Raw GBS sequence data (GBS ID with ‘SAMN’ prefix) are available from the National Center of Biotechnology Information Sequence Read Archive under BioProject Number PRJNA482446. Raw SNP genotype data (GBS ID without the ‘SAMN’ prefix) of Romay et al. (2013) are available from panzea.org (ZeaGBSv27_publicSamples_rawGenos_AGPv2-150114.h5).
‡ Endosperm mutation from Baseggio et al. (2019).
§ Multiple GBS samples were merged as described in the Materials and Methods.",,,,,,,,,,,,,,,,,,,,,,,