rlog_ids,sample_name_metadata,plot_name,accession_name,accession_name_toco,accession_name_carot,accession_name_ion,plate_name,plate_number,well,tissue_harvest_date,nucleic_acid_extraction_date
SC_RNA_01_A01_19A0205_P14,19A0205,19A0205,P14,P14,P14,P14,SC_RNA_01,1,A01,9/9/19,6/18/20
SC_RNA_01_A03_19A0301_IL793a,19A0301,19A0301,IL793a,IL793a,IL793a,IL793a,SC_RNA_01,1,A03,9/10/19,6/29/20
SC_RNA_01_A04_19A0039_Wh98063,19A0039,19A0039,Wh98063,Wh98063,Wh98063,Wh98063,SC_RNA_01,1,A04,8/24/19,6/28/20
SC_RNA_01_A05_19A0265_CHECK3,19A0265,19A0265,CHECK3,NA,NA,NA,SC_RNA_01,1,A05,9/3/19,6/24/20
SC_RNA_01_A06_19A0008_VIA5492,19A0008,19A0008,VIA5492,VIA5492,VIA5492,VIA5492,SC_RNA_01,1,A06,8/22/19,6/18/20
SC_RNA_01_A07_19A0050_Wh96011,19A0050,19A0050,Wh96011,Wh96011,Wh96011,Wh96011,SC_RNA_01,1,A07,9/2/19,6/21/20
SC_RNA_01_A08_19A0261_Wuh09191i,19A0261,19A0261,Wuh09191i,Wuh09191i,Wuh09191i,Wuh09191i,SC_RNA_01,1,A08,9/9/19,6/30/20
SC_RNA_01_A09_19A0194_IL661a,19A0194,19A0194,IL661a,IL661a,IL661a,IL661a,SC_RNA_01,1,A09,9/6/19,6/24/20
SC_RNA_01_A10_19A0400_IL86e,19A0400,19A0400,IL86e,IL86e,IL86e,IL86e,SC_RNA_01,1,A10,9/22/19,6/28/20
SC_RNA_01_A11_19A0041_LUTHER_HILL,19A0041,19A0041,LUTHER_HILL,Luther_Hill,NA,Luther_Hill,SC_RNA_01,1,A11,8/23/19,3/15/20
SC_RNA_01_A12_19A0225_MDM-12,19A0225,19A0225,MDM_12,MDM_12,NA,MDM_12,SC_RNA_01,1,A12,9/18/19,6/21/20
SC_RNA_01_B01_19A0303_fill_c2,19A0303,19A0303,fill_c2,NA,NA,NA,SC_RNA_01,1,B01,9/18/19,6/21/20
SC_RNA_01_B02_19A0410_AS11,19A0410,19A0410,AS11,AS11,AS11,AS11,SC_RNA_01,1,B02,9/6/19,3/15/20
SC_RNA_01_B03_19A0355_ILB6011,19A0355,19A0355,ILB6011,ILB6011,ILB6011,ILB6011,SC_RNA_01,1,B03,9/10/19,6/18/20
SC_RNA_01_B05_19A0112_Wh9261,19A0112,19A0112,Wh9261,Wh9261,Wh9261,Wh9261,SC_RNA_01,1,B05,8/24/19,7/1/20
SC_RNA_01_B06_19A0356_IL515a,19A0356,19A0356,IL515a,IL515a,IL515a,IL515a,SC_RNA_01,1,B06,9/18/19,6/21/20
SC_RNA_01_B07_19A0219_W6786,19A0219,19A0219,W6786,W6786,W6786,W6786,SC_RNA_01,1,B07,9/6/19,6/29/20
SC_RNA_01_B08_19A0032_We09413,19A0032,19A0032,We09413,We09413,We09413,We09413,SC_RNA_01,1,B08,8/28/19,6/18/20
SC_RNA_01_B09_19A0220_Wh10110R,19A0220,19A0220,Wh10110R,Wh10110R,NA,Wh10110R,SC_RNA_01,1,B09,9/2/19,6/23/20
SC_RNA_01_B10_19A0179_IL451b,19A0179,19A0179,IL451b,IL451b,IL451b,IL451b,SC_RNA_01,1,B10,9/9/19,7/16/20
SC_RNA_01_B11_19A0326_C7e,19A0326,19A0326,C7e,C7e,C7e,C7e,SC_RNA_01,1,B11,9/9/19,3/11/20
SC_RNA_01_B12_19A0195_Wh98044,19A0195,19A0195,Wh98044,Wh98044,NA,Wh98044,SC_RNA_01,1,B12,9/2/19,6/28/20
SC_RNA_01_C01_19A0202_P39M96,19A0202,19A0202,P39M96,P39M96,P39M96,P39M96,SC_RNA_01,1,C01,9/9/19,7/7/20
SC_RNA_01_C02_19A0231_CHECK2,19A0231,19A0231,CHECK2,NA,NA,NA,SC_RNA_01,1,C02,9/6/19,6/22/20
SC_RNA_01_C03_19A0146_Wuh09150i,19A0146,19A0146,Wuh09150i,Wuh09150i,Wuh09150i,Wuh09150i,SC_RNA_01,1,C03,8/28/19,7/2/20
SC_RNA_01_C05_19A0224_W6728,19A0224,19A0224,W6728,W6728,W6728,W6728,SC_RNA_01,1,C05,8/28/19,7/1/20
SC_RNA_01_C06_19A0406_IL796a,19A0406,19A0406,IL796a,IL796a,IL796a,IL796a,SC_RNA_01,1,C06,9/13/19,6/18/20
SC_RNA_01_C07_19A0115_ILB5870,19A0115,19A0115,ILB5870,ILB5870,ILB5870,ILB5870,SC_RNA_01,1,C07,9/3/19,6/21/20
SC_RNA_01_C08_19A0232_IL673a,19A0232,19A0232,IL673a,IL673a,IL673a,IL673a,SC_RNA_01,1,C08,9/10/19,7/9/20
SC_RNA_01_C09_19A0449_IL14b,19A0449,19A0449,IL14b,IL14b,NA,IL14b,SC_RNA_01,1,C09,9/20/19,7/16/20
SC_RNA_01_C10_19A0099_We02406,19A0099,19A0099,We02406,We02406,NA,We02406,SC_RNA_01,1,C10,8/30/19,6/22/20
SC_RNA_01_C11_19A0193_IL678a,19A0193,19A0193,IL678a,IL678a,IL678a,IL678a,SC_RNA_01,1,C11,9/20/19,6/22/20
SC_RNA_01_C12_19A0223_Ia4189,19A0223,19A0223,Ia4189,Ia4189,NA,Ia4189,SC_RNA_01,1,C12,9/13/19,7/5/20
SC_RNA_01_D01_19A0240_Ma32,19A0240,19A0240,Ma32,Ma32,Ma32,Ma32,SC_RNA_01,1,D01,8/28/19,6/22/20
SC_RNA_01_D02_19A0262_fill_c3,19A0262,19A0262,fill_c3,NA,NA,NA,SC_RNA_01,1,D02,9/10/19,6/21/20
SC_RNA_01_D03_19A0078_W5579,19A0078,19A0078,W5579,W5579,W5579,W5579,SC_RNA_01,1,D03,9/2/19,6/29/20
SC_RNA_01_D04_19A0334_CHECK2,19A0334,19A0334,CHECK2,NA,NA,NA,SC_RNA_01,1,D04,9/6/19,6/22/20
SC_RNA_01_D05_Pos_Control_NA,Pos,Pos,Control_NA,NA,NA,NA,SC_RNA_01,1,D05,NA,NA
SC_RNA_01_D06_19A0243_Wh09137R,19A0243,19A0243,Wh09137R,Wh09137R,Wh09137R,Wh09137R,SC_RNA_01,1,D06,8/28/19,7/2/20
SC_RNA_01_D07_19A0343_We05410,19A0343,19A0343,We05410,We05410,NA,We05410,SC_RNA_01,1,D07,8/30/19,6/21/20
SC_RNA_01_D08_19A0246_Il14H,19A0246,19A0246,Il14H,Il14H,NA,IL14H,SC_RNA_01,1,D08,9/23/19,6/23/20
SC_RNA_01_D09_19A0318_Wh00050,19A0318,19A0318,Wh00050,Wh00050,NA,Wh00050,SC_RNA_01,1,D09,9/9/19,6/28/20
SC_RNA_01_D10_19A0457_IL775a,19A0457,19A0457,IL775a,IL775a,IL775a,IL775a,SC_RNA_01,1,D10,9/18/19,6/24/20
SC_RNA_01_D11_19A0309_fill_c2,19A0309,19A0309,fill_c2,NA,NA,NA,SC_RNA_01,1,D11,9/3/19,3/11/20
SC_RNA_01_D12_19A0379_CHECK4,19A0379,19A0379,CHECK4,NA,NA,NA,SC_RNA_01,1,D12,9/20/19,7/1/20
SC_RNA_01_E01_19A0366_CHECK4,19A0366,19A0366,CHECK4,NA,NA,NA,SC_RNA_01,1,E01,9/18/19,7/9/20
SC_RNA_01_E02_19A0192_IL125b,19A0192,19A0192,IL125b,IL125b,IL125b,IL125b,SC_RNA_01,1,E02,9/18/19,6/29/20
SC_RNA_01_E03_19A0364_Il677a,19A0364,19A0364,Il677a,IL677a,IL677a,IL677a,SC_RNA_01,1,E03,9/22/19,6/24/20
SC_RNA_01_E04_19A0222_fill_c3,19A0222,19A0222,fill_c3,NA,NA,NA,SC_RNA_01,1,E04,9/6/19,6/21/20
SC_RNA_01_E05_19A0110_Wh10216V,19A0110,19A0110,Wh10216V,Wh10216V,NA,Wh10216V,SC_RNA_01,1,E05,9/6/19,3/12/20
SC_RNA_01_E06_19A0425_IL103a,19A0425,19A0425,IL103a,IL103a,IL103a,IL103a,SC_RNA_01,1,E06,9/18/19,3/11/20
SC_RNA_01_E07_19A0384_IL11D,19A0384,19A0384,IL11D,IL11D,NA,IL11D,SC_RNA_01,1,E07,9/11/19,7/5/20
SC_RNA_01_E08_19A0458_Wh92047,19A0458,19A0458,Wh92047,Wh92047,Wh92047,Wh92047,SC_RNA_01,1,E08,9/9/19,6/30/20
SC_RNA_01_E10_19A0398_IL465a,19A0398,19A0398,IL465a,IL465a,IL465a,IL465a,SC_RNA_01,1,E10,9/6/19,7/7/20
SC_RNA_01_E11_19A0271_fill_c2,19A0271,19A0271,fill_c2,NA,NA,NA,SC_RNA_01,1,E11,9/11/19,7/8/20
SC_RNA_01_E12_19A0198_Wuh09174i,19A0198,19A0198,Wuh09174i,Wuh09174i,Wuh09174i,Wuh09174i,SC_RNA_01,1,E12,8/30/19,6/28/20
SC_RNA_01_F01_19A0210_S43,19A0210,19A0210,S43,S43,S43,S43,SC_RNA_01,1,F01,9/2/19,6/28/20
SC_RNA_01_F03_19A0213_Ma2402,19A0213,19A0213,Ma2402,Ma2402,Ma2402,Ma2402,SC_RNA_01,1,F03,8/22/19,7/6/20
SC_RNA_01_F04_19A0122_Me2rt,19A0122,19A0122,Me2rt,Me2rt,Me2rt,Me2rt,SC_RNA_01,1,F04,8/22/19,6/21/20
SC_RNA_01_F05_19A0207_We10401,19A0207,19A0207,We10401,We10401,NA,We10401,SC_RNA_01,1,F05,9/13/19,6/30/20
SC_RNA_01_F06_19A0448_IL545,19A0448,19A0448,IL545,IL545,IL545,IL545,SC_RNA_01,1,F06,9/9/19,6/29/20
SC_RNA_01_F07_Pos_Control_NA,Pos,Pos,Control_NA,NA,NA,NA,SC_RNA_01,1,F07,NA,NA
SC_RNA_01_F08_19A0294_MDM-15,19A0294,19A0294,MDM_15,MDM_15,MDM_15,MDM_15,SC_RNA_01,1,F08,9/9/19,6/30/20
SC_RNA_01_F09_19A0305_IL773a,19A0305,19A0305,IL773a,IL773a,IL773a,IL773a,SC_RNA_01,1,F09,9/9/19,7/16/20
SC_RNA_01_F10_19A0353_IaEV3002,19A0353,19A0353,IaEV3002,IaEV3002,NA,IaEV3002,SC_RNA_01,1,F10,9/10/19,3/11/20
SC_RNA_01_F11_19A0172_P51B,19A0172,19A0172,P51B,P51B,P51B,P51B,SC_RNA_01,1,F11,9/6/19,7/7/20
SC_RNA_01_F12_19A0185_EP62,19A0185,19A0185,EP62,EP62,EP62,EP62,SC_RNA_01,1,F12,9/6/19,7/8/20
SC_RNA_01_G01_19A0148_CHECK2,19A0148,19A0148,CHECK2,NA,NA,NA,SC_RNA_01,1,G01,9/6/19,7/1/20
SC_RNA_01_G02_19A0382_IL395a,19A0382,19A0382,IL395a,IL395a,IL395a,IL395a,SC_RNA_01,1,G02,9/13/19,6/23/20
SC_RNA_01_G03_19A0327_R839,19A0327,19A0327,R839,R839,R839,R839,SC_RNA_01,1,G03,9/13/19,6/28/20
SC_RNA_01_G04_19A0422_257A9,19A0422,19A0422,257A9,257A9,257A9,257A9,SC_RNA_01,1,G04,9/24/19,3/11/20
SC_RNA_01_G05_19A0010_Wh10035R,19A0010,19A0010,Wh10035R,Wh10035R,Wh10035R,Wh10035R,SC_RNA_01,1,G05,8/23/19,6/23/20
SC_RNA_01_G06_19A0289_IL713a,19A0289,19A0289,IL713a,IL713a,IL713a,IL713a,SC_RNA_01,1,G06,9/18/19,7/1/20
SC_RNA_01_G07_19A0171_Ia2132,19A0171,19A0171,Ia2132,Ia2132,Ia2132,Ia2132,SC_RNA_01,1,G07,9/3/19,7/7/20
SC_RNA_01_G08_19A0462_IL765a,19A0462,19A0462,IL765a,IL765a,NA,IL765a,SC_RNA_01,1,G08,9/10/19,6/18/20
SC_RNA_01_G09_19A0035_Wu04401,19A0035,19A0035,Wu04401,Wu04401,NA,Wu04401,SC_RNA_01,1,G09,9/6/19,6/23/20
SC_RNA_01_G10_19A0042_C6A,19A0042,19A0042,C6A,C6A,C6A,C6A,SC_RNA_01,1,G10,8/23/19,6/23/20
SC_RNA_01_G11_19A0419_T35,19A0419,19A0419,T35,Strain_T35_388_68A,Strain_T35_388_68A,Strain_T35_388_68A,SC_RNA_01,1,G11,9/23/19,7/8/20
SC_RNA_01_G12_19A0325_IP39,19A0325,19A0325,IP39,IP39,IP39,IP39,SC_RNA_01,1,G12,9/9/19,7/7/20
SC_RNA_01_H01_19A0369_P35,19A0369,19A0369,P35,P35,P35,P35,SC_RNA_01,1,H01,9/9/19,6/23/20
SC_RNA_01_H02_19A0359_304A,19A0359,19A0359,304A,Strain_304A_408_68B,Strain_304A_408_68B,Strain_304A_408_68B,SC_RNA_01,1,H02,9/11/19,7/9/20
SC_RNA_01_H03_19A0280_B5765,19A0280,19A0280,B5765,B5765,B5765,B5765,SC_RNA_01,1,H03,9/18/19,7/6/20
SC_RNA_01_H04_19A0331_IL761a,19A0331,19A0331,IL761a,IL761a,IL761a,IL761a,SC_RNA_01,1,H04,9/18/19,6/24/20
SC_RNA_01_H05_19A0450_W6714,19A0450,19A0450,W6714,W6714,W6714,W6714,SC_RNA_01,1,H05,8/30/19,7/7/20
SC_RNA_01_H06_19A0236_Ia45-1,19A0236,19A0236,Ia45_1,Ia45_1,Ia45_1,Ia45_1,SC_RNA_01,1,H06,9/11/19,7/1/20
SC_RNA_01_H07_19A0259_CHECK2,19A0259,19A0259,CHECK2,NA,NA,NA,SC_RNA_01,1,H07,9/11/19,6/21/20
SC_RNA_01_H08_19A0337_fill_c2,19A0337,19A0337,fill_c2,NA,NA,NA,SC_RNA_01,1,H08,9/3/19,7/6/20
SC_RNA_01_H09_19A0203_V775,19A0203,19A0203,V775,V775,V775,V775,SC_RNA_01,1,H09,8/30/19,6/29/20
SC_RNA_01_H10_19A0134_C8p,19A0134,19A0134,C8p,C8_pseudo,C8_pseudo,NA,SC_RNA_01,1,H10,9/6/19,3/15/20
SC_RNA_01_H11_19A0037_G8,19A0037,19A0037,G8,G8,G8,G8,SC_RNA_01,1,H11,8/23/19,7/9/20
SC_RNA_01_H12_19A0306_W5552,19A0306,19A0306,W5552,W5552,W5552,W5552,SC_RNA_01,1,H12,9/2/19,7/6/20
SC_RNA_02_A01_19A0086_CHECK2,19A0086,19A0086,CHECK2,NA,NA,NA,SC_RNA_02,2,A01,9/2/19,7/1/20
SC_RNA_02_A02_19A0370_IaEV191,19A0370,19A0370,IaEV191,IaEv191,NA,IaEV191,SC_RNA_02,2,A02,9/18/19,7/16/20
SC_RNA_02_A03_19A0423_CHECK4,19A0423,19A0423,CHECK4,NA,NA,NA,SC_RNA_02,2,A03,9/22/19,3/15/20
SC_RNA_02_A04_19A0447_CHECK4,19A0447,19A0447,CHECK4,NA,NA,NA,SC_RNA_02,2,A04,9/13/19,7/7/20
SC_RNA_02_A05_19A0247_CHECK3,19A0247,19A0247,CHECK3,NA,NA,NA,SC_RNA_02,2,A05,9/20/19,6/29/20
SC_RNA_02_A06_19A0162_P51,19A0162,19A0162,P51,P51,P51,P51,SC_RNA_02,2,A06,9/6/19,7/5/20
SC_RNA_02_A07_19A0069_M23,19A0069,19A0069,M23,M23,M23,M23,SC_RNA_02,2,A07,8/24/19,6/21/20
SC_RNA_02_A09_19A0173_IL789b,19A0173,19A0173,IL789b,IL789b,IL789b,IL789b,SC_RNA_02,2,A09,9/13/19,7/8/20
SC_RNA_02_A10_19A0357_fill_c3,19A0357,19A0357,fill_c3,NA,NA,NA,SC_RNA_02,2,A10,9/13/19,7/6/20
SC_RNA_02_A12_19A0298_C7,19A0298,19A0298,C7,C7,C7,C7,SC_RNA_02,2,A12,9/6/19,7/5/20
SC_RNA_02_B01_19A0079_We08414a,19A0079,19A0079,We08414a,We08414a,We08414a,We08414a,SC_RNA_02,2,B01,8/23/19,7/6/20
SC_RNA_02_B02_19A0273_P39a,19A0273,19A0273,P39a,P39A,P39a,P39a,SC_RNA_02,2,B02,9/3/19,7/2/20
SC_RNA_02_B03_19A0103_Wh00051,19A0103,19A0103,Wh00051,Wh00051,NA,Wh00051,SC_RNA_02,2,B03,9/9/19,6/22/20
SC_RNA_02_B04_19A0300_Wh09009,19A0300,19A0300,Wh09009,Wh09009,Wh09009,Wh09009,SC_RNA_02,2,B04,8/30/19,7/2/20
SC_RNA_02_B05_19A0378_EP58,19A0378,19A0378,EP58,EP58,NA,EP58,SC_RNA_02,2,B05,9/11/19,6/29/20
SC_RNA_02_B06_19A0346_R853,19A0346,19A0346,R853,R853,R853,R853,SC_RNA_02,2,B06,9/18/19,3/15/20
SC_RNA_02_B07_19A0091_C4,19A0091,19A0091,C4,C4,C4,C4,SC_RNA_02,2,B07,8/22/19,7/1/20
SC_RNA_02_B08_19A0211_Wuh98032,19A0211,19A0211,Wuh98032,Wuh98032,Wuh98032,Wuh98032,SC_RNA_02,2,B08,9/2/19,6/28/20
SC_RNA_02_B09_19A0159_NJ112,19A0159,19A0159,NJ112,NJ112,NJ112,NJ112,SC_RNA_02,2,B09,8/28/19,6/22/20
SC_RNA_02_B10_19A0076_Wh09061,19A0076,19A0076,Wh09061,Wh09061,Wh09061,Wh09061,SC_RNA_02,2,B10,8/28/19,6/28/20
SC_RNA_02_B11_Pos_Control_NA,Pos,Pos,Control_NA,NA,NA,NA,SC_RNA_02,2,B11,NA,NA
SC_RNA_02_B12_19A0394_CHECK3,19A0394,19A0394,CHECK3,NA,NA,NA,SC_RNA_02,2,B12,9/6/19,6/21/20
SC_RNA_02_C01_19A0433_I45,19A0433,19A0433,I45,I45,I45,I45,SC_RNA_02,2,C01,9/13/19,6/30/20
SC_RNA_02_C02_19A0059_W6462,19A0059,19A0059,W6462,W6462,W6462,W6462,SC_RNA_02,2,C02,9/20/19,7/6/20
SC_RNA_02_C03_Pos_Control_NA,Pos,Pos,Control_NA,NA,NA,NA,SC_RNA_02,2,C03,NA,NA
SC_RNA_02_C04_19A0227_IL615a,19A0227,19A0227,IL615a,IL615a,IL615a,IL615a,SC_RNA_02,2,C04,9/20/19,7/8/20
SC_RNA_02_C05_19A0053_C2,19A0053,19A0053,C2,C2,C2,C2,SC_RNA_02,2,C05,8/30/19,6/23/20
SC_RNA_02_C06_19A0123_Wh93006,19A0123,19A0123,Wh93006,Wh93006,Wh93006,Wh93006,SC_RNA_02,2,C06,8/28/19,3/11/20
SC_RNA_02_C07_19A0094_Wuh07466i,19A0094,19A0094,Wuh07466i,Wuh07466i,Wuh07466i,Wuh07466i,SC_RNA_02,2,C07,9/2/19,7/5/20
SC_RNA_02_C08_19A0081_C38,19A0081,19A0081,C38,C38,C38,C38,SC_RNA_02,2,C08,8/24/19,6/18/20
SC_RNA_02_C09_19A0093_Ma83608,19A0093,19A0093,Ma83608,Ma83608,Ma83608,Ma83608,SC_RNA_02,2,C09,8/24/19,6/23/20
SC_RNA_02_C10_19A0182_IL607a,19A0182,19A0182,IL607a,IL607a,IL607a,IL607a,SC_RNA_02,2,C10,9/20/19,6/22/20
SC_RNA_02_C11_19A0230_fill_c3,19A0230,19A0230,fill_c3,NA,NA,NA,SC_RNA_02,2,C11,9/6/19,7/9/20
SC_RNA_02_C12_19A0430_IL112t,19A0430,19A0430,IL112t,IL112t,IL112t,IL112t,SC_RNA_02,2,C12,9/2/19,3/12/20
SC_RNA_02_D01_19A0070_Ia2076,19A0070,19A0070,Ia2076,Ia2076,Ia2076,Ia2076,SC_RNA_02,2,D01,8/23/19,7/2/20
SC_RNA_02_D02_19A0139_Wh93017,19A0139,19A0139,Wh93017,Wh93017,NA,Wh93017,SC_RNA_02,2,D02,8/23/19,7/7/20
SC_RNA_02_D03_19A0403_fill_c4,19A0403,19A0403,fill_c4,NA,NA,NA,SC_RNA_02,2,D03,9/22/19,7/8/20
SC_RNA_02_D04_19A0049_W1736,19A0049,19A0049,W1736,W1736,W1736,W1736,SC_RNA_02,2,D04,9/3/19,7/9/20
SC_RNA_02_D05_19A0287_C22,19A0287,19A0287,C22,C22,C22,C22,SC_RNA_02,2,D05,8/30/19,6/18/20
SC_RNA_02_D06_19A0349_Wh09068,19A0349,19A0349,Wh09068,Wh09068,NA,Wh09068,SC_RNA_02,2,D06,9/9/19,6/18/20
SC_RNA_02_D07_19A0178_Ia5125,19A0178,19A0178,Ia5125,Ia5125,Ia5125,Ia5125,SC_RNA_02,2,D07,9/2/19,3/15/20
SC_RNA_02_D08_19A0154_We03418a,19A0154,19A0154,We03418a,We03418a,We03418a,We03418a,SC_RNA_02,2,D08,9/2/19,6/29/20
SC_RNA_02_D09_19A0295_CHECK2,19A0295,19A0295,CHECK2,NA,NA,NA,SC_RNA_02,2,D09,9/10/19,7/5/20
SC_RNA_02_D10_19A0088_Wh10140R,19A0088,19A0088,Wh10140R,Wh10140R,NA,Wh10140R,SC_RNA_02,2,D10,8/23/19,7/7/20
SC_RNA_02_D11_19A0335_NJ618,19A0335,19A0335,NJ618,NJ618,NJ618,NJ618,SC_RNA_02,2,D11,9/3/19,7/5/20
SC_RNA_02_D12_19A0316_B5870,19A0316,19A0316,B5870,B5870,B5870,B5870,SC_RNA_02,2,D12,9/9/19,6/21/20
SC_RNA_02_E01_19A0428_T24,19A0428,19A0428,T24,Strain_T24_395_68B,Strain_T24_395_68B,Strain_T24_395_68B,SC_RNA_02,2,E01,9/6/19,7/6/20
SC_RNA_02_E02_19A0360_EP85,19A0360,19A0360,EP85,EP85,EP85,EP85,SC_RNA_02,2,E02,9/3/19,6/22/20
SC_RNA_02_E03_19A0252_IL671a,19A0252,19A0252,IL671a,IL671a,IL671a,IL671a,SC_RNA_02,2,E03,8/28/19,7/6/20
SC_RNA_02_E04_19A0118_CHECK2,19A0118,19A0118,CHECK2,NA,NA,NA,SC_RNA_02,2,E04,9/6/19,3/11/20
SC_RNA_02_E05_19A0392_Ia2730,19A0392,19A0392,Ia2730,Ia2730,Ia2730,Ia2730,SC_RNA_02,2,E05,9/22/19,7/9/20
SC_RNA_02_E06_19A0302_Wu00802,19A0302,19A0302,Wu00802,Wu00802,Wu00802,Wu00802,SC_RNA_02,2,E06,9/9/19,6/29/20
SC_RNA_02_E07_19A0007_Wuh07413i,19A0007,19A0007,Wuh07413i,Wuh07413i,Wuh07413i,Wuh07413i,SC_RNA_02,2,E07,9/10/19,6/29/20
SC_RNA_02_E08_19A0109_Wh10231V,19A0109,19A0109,Wh10231V,Wh10231V,NA,Wh10231V,SC_RNA_02,2,E08,9/3/19,7/8/20
SC_RNA_02_E09_19A0149_CHECK1,19A0149,19A0149,CHECK1,NA,NA,NA,SC_RNA_02,2,E09,8/23/19,6/29/20
SC_RNA_02_E10_19A0138_We08408,19A0138,19A0138,We08408,We08408,We08408,We08408,SC_RNA_02,2,E10,8/23/19,7/2/20
SC_RNA_02_E12_19A0393_IL699e,19A0393,19A0393,IL699e,IL699e,IL699e,IL699e,SC_RNA_02,2,E12,9/22/19,6/30/20
SC_RNA_02_F01_19A0333_Wh05066a,19A0333,19A0333,Wh05066a,Wh05066a,NA,Wh05066a,SC_RNA_02,2,F01,9/3/19,6/18/20
SC_RNA_02_F02_19A0365_IL729a,19A0365,19A0365,IL729a,IL729a,IL729a,IL729a,SC_RNA_02,2,F02,9/18/19,6/22/20
SC_RNA_02_F03_19A0296_CHECK3,19A0296,19A0296,CHECK3,NA,NA,NA,SC_RNA_02,2,F03,9/10/19,6/21/20
SC_RNA_02_F04_19A0113_fill_c2,19A0113,19A0113,fill_c2,NA,NA,NA,SC_RNA_02,2,F04,9/6/19,3/15/20
SC_RNA_02_F05_19A0229_EP83,19A0229,19A0229,EP83,EP83,EP83,EP83,SC_RNA_02,2,F05,9/13/19,6/21/20
SC_RNA_02_F06_19A0376_IL733a,19A0376,19A0376,IL733a,IL733a,IL733a,IL733a,SC_RNA_02,2,F06,9/11/19,7/5/20
SC_RNA_02_F07_19A0147_Wuh09149i,19A0147,19A0147,Wuh09149i,Wuh09149i,Wuh09149i,Wuh09149i,SC_RNA_02,2,F07,8/28/19,7/8/20
SC_RNA_02_F08_19A0390_Wh01001,19A0390,19A0390,Wh01001,Wh01001,Wh01001,Wh01001,SC_RNA_02,2,F08,9/6/19,6/30/20
SC_RNA_02_F09_19A0015_C30,19A0015,19A0015,C30,C30,C30,C30,SC_RNA_02,2,F09,8/30/19,6/24/20
SC_RNA_02_F10_19A0456_IL323a,19A0456,19A0456,IL323a,IL323a,IL323a,IL323a,SC_RNA_02,2,F10,9/11/19,6/18/20
SC_RNA_02_F11_19A0055_SD592,19A0055,19A0055,SD592,SD592,SD592,SD592,SC_RNA_02,2,F11,8/28/19,6/29/20
SC_RNA_02_F12_19A0454_GTS1,19A0454,19A0454,GTS1,GTS1,GTS1,GTS1,SC_RNA_02,2,F12,9/18/19,7/1/20
SC_RNA_02_G01_19A0312_C31,19A0312,19A0312,C31,C31,C31,C31,SC_RNA_02,2,G01,9/6/19,3/11/20
SC_RNA_02_G02_19A0439_Wh10046R,19A0439,19A0439,Wh10046R,Wh10046R,Wh10046R,Wh10046R,SC_RNA_02,2,G02,9/2/19,3/12/20
SC_RNA_02_G03_19A0395_Wu99811,19A0395,19A0395,Wu99811,Wu99811,Wu99811,Wu99811,SC_RNA_02,2,G03,9/18/19,7/8/20
SC_RNA_02_G04_19A0020_fill_c2,19A0020,19A0020,fill_c2,NA,NA,NA,SC_RNA_02,2,G04,9/3/19,7/1/20
SC_RNA_02_G05_19A0153_fill_c2,19A0153,19A0153,fill_c2,NA,NA,NA,SC_RNA_02,2,G05,9/9/19,6/18/20
SC_RNA_02_G06_19A0072_SD277,19A0072,19A0072,SD277,SD277,SD277,SD277,SC_RNA_02,2,G06,8/28/19,6/23/20
SC_RNA_02_G07_19A0249_C23,19A0249,19A0249,C23,C23_su,C23_su,NA,SC_RNA_02,2,G07,9/10/19,3/11/20
SC_RNA_02_G09_19A0009_CHECK2,19A0009,19A0009,CHECK2,NA,NA,NA,SC_RNA_02,2,G09,9/6/19,6/28/20
SC_RNA_02_G10_19A0299_Wu99823,19A0299,19A0299,Wu99823,Wu99823,Wu99823,Wu99823,SC_RNA_02,2,G10,9/6/19,7/1/20
SC_RNA_02_G12_19A0421_C65,19A0421,19A0421,C65,C65,C65,C65,SC_RNA_02,2,G12,9/6/19,6/24/20
SC_RNA_02_H01_19A0438_MDM-9,19A0438,19A0438,MDM_9,MDM_9,MDM_9,MDM_9,SC_RNA_02,2,H01,9/9/19,3/15/20
SC_RNA_02_H02_19A0367_IL31a,19A0367,19A0367,IL31a,IL31a,NA,IL31a,SC_RNA_02,2,H02,9/11/19,7/7/20
SC_RNA_02_H03_19A0267_W3647,19A0267,19A0267,W3647,W3647,W3647,W3647,SC_RNA_02,2,H03,9/6/19,6/30/20
SC_RNA_02_H04_19A0131_We01407,19A0131,19A0131,We01407,We01407,NA,We01407,SC_RNA_02,2,H04,9/3/19,3/15/20
SC_RNA_02_H05_19A0126_CHECK1,19A0126,19A0126,CHECK1,NA,NA,NA,SC_RNA_02,2,H05,9/6/19,7/9/20
SC_RNA_02_H06_19A0018_Wuh07481i,19A0018,19A0018,Wuh07481i,Wuh07481i,Wuh07481i,Wuh07481i,SC_RNA_02,2,H06,8/30/19,7/5/20
SC_RNA_02_H07_19A0348_T20,19A0348,19A0348,T20,Strain_T20_2_68B,Strain_T20_2_68B,Strain_T20_2_68B,SC_RNA_02,2,H07,9/13/19,3/15/20
SC_RNA_02_H08_19A0090_Wh07020a,19A0090,19A0090,Wh07020a,Wh07020a,Wh07020a,Wh07020a,SC_RNA_02,2,H08,8/30/19,6/24/20
SC_RNA_02_H09_19A0387_83610b,19A0387,19A0387,83610b,83610b,83610b,83610b,SC_RNA_02,2,H09,9/6/19,7/2/20
SC_RNA_02_H10_19A0169_Wh08091,19A0169,19A0169,Wh08091,Wh08091,Wh08091,Wh08091,SC_RNA_02,2,H10,9/22/19,7/9/20
SC_RNA_02_H11_19A0313_Wh05051,19A0313,19A0313,Wh05051,Wh05051,Wh05051,Wh05051,SC_RNA_02,2,H11,9/2/19,7/1/20
SC_RNA_02_H12_19A0176_C40,19A0176,19A0176,C40,C40,C40,C40,SC_RNA_02,2,H12,9/11/19,6/29/20
SC_RNA_03_A01_19A0074_W3742,19A0074,19A0074,W3742,W3742,W3742,W3742,SC_RNA_03,3,A01,9/2/19,6/29/20
SC_RNA_03_A02_19A0253_IL767b,19A0253,19A0253,IL767b,Il767b,IL767b,IL767b,SC_RNA_03,3,A02,9/23/19,7/7/20
SC_RNA_03_A03_19A0161_fill_c2,19A0161,19A0161,fill_c2,NA,NA,NA,SC_RNA_03,3,A03,9/6/19,7/6/20
SC_RNA_03_A04_19A0397_CHECK4,19A0397,19A0397,CHECK4,NA,NA,NA,SC_RNA_03,3,A04,9/20/19,3/11/20
SC_RNA_03_A05_19A0404_B73,19A0404,19A0404,B73,NA,NA,NA,SC_RNA_03,3,A05,9/24/19,3/15/20
SC_RNA_03_A06_19A0023_MDM-21,19A0023,19A0023,MDM_21,MDM_21,NA,MDM_21,SC_RNA_03,3,A06,9/6/19,7/5/20
SC_RNA_03_A07_19A0221_Wh07165R,19A0221,19A0221,Wh07165R,Wh07165R,NA,Wh07165R,SC_RNA_03,3,A07,9/11/19,6/28/20
SC_RNA_03_A08_19A0415_T32,19A0415,19A0415,T32,Strain_T32_397_68r,Strain_T32_397_68r,Strain_T32_397_68r,SC_RNA_03,3,A08,9/23/19,7/9/20
SC_RNA_03_A10_19A0381_Wh10006R,19A0381,19A0381,Wh10006R,Wh10006R,Wh10006R,Wh10006R,SC_RNA_03,3,A10,9/23/19,3/12/20
SC_RNA_03_A11_19A0106_If853,19A0106,19A0106,If853,If853,If853,If853,SC_RNA_03,3,A11,9/18/19,7/9/20
SC_RNA_03_A12_19A0336_Wh10173V,19A0336,19A0336,Wh10173V,Wh10173V,NA,Wh10173V,SC_RNA_03,3,A12,9/18/19,3/11/20
SC_RNA_03_B01_19A0077_Wh00033,19A0077,19A0077,Wh00033,Wh00033,NA,Wh00033,SC_RNA_03,3,B01,8/30/19,3/12/20
SC_RNA_03_B02_19A0427_C68,19A0427,19A0427,C68,C68,C68,C68,SC_RNA_03,3,B02,9/6/19,7/7/20
SC_RNA_03_B03_19A0389_IL7,19A0389,19A0389,IL7,IL7,NA,IL7,SC_RNA_03,3,B03,9/18/19,7/7/20
SC_RNA_03_B04_19A0274_IL764b,19A0274,19A0274,IL764b,IL764b,IL764b,IL764b,SC_RNA_03,3,B04,9/3/19,7/1/20
SC_RNA_03_B05_19A0226_34f,19A0226,19A0226,34f,34f,34f,34f,SC_RNA_03,3,B05,9/9/19,7/5/20
SC_RNA_03_B06_19A0025_SD789,19A0025,19A0025,SD789,SD789,SD789,SD789,SC_RNA_03,3,B06,8/28/19,3/12/20
SC_RNA_03_B07_19A0089_P39Goodman-Buckler,19A0089,19A0089,P39Goodman_Buckler,P39_Goodman_Buckler,P39_Goodman_Buckler,P39_Goodman_Buckler,SC_RNA_03,3,B07,9/6/19,7/2/20
SC_RNA_03_B09_19A0044_S4,19A0044,19A0044,S4,S4,S4,S4,SC_RNA_03,3,B09,8/28/19,7/16/20
SC_RNA_03_B10_19A0293_P39_New,19A0293,19A0293,P39_New,P39_New,P39_New,P39_New,SC_RNA_03,3,B10,9/6/19,7/16/20
SC_RNA_03_B11_19A0021_C5,19A0021,19A0021,C5,C5,C5,C5,SC_RNA_03,3,B11,8/30/19,6/30/20
SC_RNA_03_B12_19A0111_Wh08115b,19A0111,19A0111,Wh08115b,Wh08115b,Wh08115b,Wh08115b,SC_RNA_03,3,B12,9/13/19,3/15/20
SC_RNA_03_C01_19A0160_IL797a,19A0160,19A0160,IL797a,IL797a,IL797a,IL797a,SC_RNA_03,3,C01,9/9/19,6/22/20
SC_RNA_03_C02_19A0046_Me244-wb,19A0046,19A0046,Me244_wb,Me244_Wb,Me244_Wb,Me244_Wb,SC_RNA_03,3,C02,9/6/19,6/28/20
SC_RNA_03_C03_19A0361_fill_c3,19A0361,19A0361,fill_c3,NA,NA,NA,SC_RNA_03,3,C03,9/6/19,7/7/20
SC_RNA_03_C04_19A0102_We05408,19A0102,19A0102,We05408,We05408,We05408,We05408,SC_RNA_03,3,C04,8/23/19,6/28/20
SC_RNA_03_C05_19A0062_Wu04806,19A0062,19A0062,Wu04806,Wu04806,Wu04806,Wu04806,SC_RNA_03,3,C05,8/23/19,3/11/20
SC_RNA_03_C06_19A0434_IL454a,19A0434,19A0434,IL454a,IL454a,IL454a,IL454a,SC_RNA_03,3,C06,9/6/19,7/7/20
SC_RNA_03_C07_19A0374_IL648,19A0374,19A0374,IL648,IL648,IL648,IL648,SC_RNA_03,3,C07,9/11/19,6/21/20
SC_RNA_03_C09_19A0216_IL27a,19A0216,19A0216,IL27a,IL27a,NA,IL27a,SC_RNA_03,3,C09,9/13/19,7/8/20
SC_RNA_03_C10_19A0033_Me123,19A0033,19A0033,Me123,Me123,Me123,Me123,SC_RNA_03,3,C10,8/24/19,6/29/20
SC_RNA_03_C11_19A0124_Wuh09097i,19A0124,19A0124,Wuh09097i,Wuh09097i,Wuh09097i,Wuh09097i,SC_RNA_03,3,C11,8/24/19,7/6/20
SC_RNA_03_C12_19A0005_CHECK1,19A0005,19A0005,CHECK1,NA,NA,NA,SC_RNA_03,3,C12,8/23/19,7/9/20
SC_RNA_03_D01_19A0012_Wuh07182i,19A0012,19A0012,Wuh07182i,Wuh07182i,Wuh07182i,Wuh07182i,SC_RNA_03,3,D01,8/28/19,7/1/20
SC_RNA_03_D02_19A0006_SD829,19A0006,19A0006,SD829,SD829,SD829,SD829,SC_RNA_03,3,D02,8/28/19,6/18/20
SC_RNA_03_D03_19A0031_Wh10034R,19A0031,19A0031,Wh10034R,Wh10034R,Wh10034R,Wh10034R,SC_RNA_03,3,D03,8/28/19,3/12/20
SC_RNA_03_D04_19A0027_Ia59,19A0027,19A0027,Ia59,Ia59,Ia59,Ia59,SC_RNA_03,3,D04,9/20/19,7/2/20
SC_RNA_03_D05_19A0183_P51xRp1d,19A0183,19A0183,P51xRp1d,P51xRp1d,P51xRp1d,P51xRp1d,SC_RNA_03,3,D05,9/9/19,6/29/20
SC_RNA_03_D06_19A0443_IL802b,19A0443,19A0443,IL802b,IL802b_Ht2,IL802b_Ht2,IL802b_Ht2,SC_RNA_03,3,D06,9/18/19,7/7/20
SC_RNA_03_D07_19A0272_471_U6,19A0272,19A0272,471_U6,471_U6,NA,471_U6,SC_RNA_03,3,D07,9/18/19,6/21/20
SC_RNA_03_D09_19A0047_CHECK2,19A0047,19A0047,CHECK2,NA,NA,NA,SC_RNA_03,3,D09,9/3/19,6/22/20
SC_RNA_03_D10_19A0441_IL14C,19A0441,19A0441,IL14C,IL14C,NA,IL14C,SC_RNA_03,3,D10,9/18/19,6/22/20
SC_RNA_03_D11_19A0013_Wh09141R,19A0013,19A0013,Wh09141R,Wh09141R,NA,Wh09141R,SC_RNA_03,3,D11,9/10/19,6/28/20
SC_RNA_03_D12_19A0101_Wh95016a,19A0101,19A0101,Wh95016a,Wh95016a,Wh95016a,Wh95016a,SC_RNA_03,3,D12,8/24/19,7/1/20
SC_RNA_03_E01_19A0286_fill_c3,19A0286,19A0286,fill_c3,NA,NA,NA,SC_RNA_03,3,E01,9/3/19,6/30/20
SC_RNA_03_E02_19A0196_Wuh09170i,19A0196,19A0196,Wuh09170i,Wuh09170i,Wuh09170i,Wuh09170i,SC_RNA_03,3,E02,8/30/19,7/8/20
SC_RNA_03_E03_19A0184_83612b,19A0184,19A0184,83612b,83612b,NA,83612b,SC_RNA_03,3,E03,9/10/19,3/15/20
SC_RNA_03_E04_19A0354_IL778c,19A0354,19A0354,IL778c,IL778c,IL778c,IL778c,SC_RNA_03,3,E04,9/22/19,7/16/20
SC_RNA_03_E05_19A0026_I817,19A0026,19A0026,I817,I817,I817,I817,SC_RNA_03,3,E05,9/10/19,7/2/20
SC_RNA_03_E06_19A0437_IL279AxRp1d,19A0437,19A0437,IL279AxRp1d,IL279AxRp1d,NA,IL279AxRp1d,SC_RNA_03,3,E06,9/23/19,7/9/20
SC_RNA_03_E07_19A0409_SC1441,19A0409,19A0409,SC1441,SC1441,SC1441,SC1441,SC_RNA_03,3,E07,9/2/19,7/7/20
SC_RNA_03_E08_19A0040_Wh07013,19A0040,19A0040,Wh07013,Wh07013,NA,Wh07013,SC_RNA_03,3,E08,8/28/19,6/22/20
SC_RNA_03_E09_19A0323_A10579,19A0323,19A0323,A10579,A10579,A10579,A10579,SC_RNA_03,3,E09,9/6/19,7/2/20
SC_RNA_03_E10_19A0129_Me135,19A0129,19A0129,Me135,Me135,Me135,Me135,SC_RNA_03,3,E10,8/28/19,7/6/20
SC_RNA_03_E11_19A0084_We05401,19A0084,19A0084,We05401,We05401,We05401,We05401,SC_RNA_03,3,E11,8/24/19,7/2/20
SC_RNA_03_E12_19A0388_675A,19A0388,19A0388,675A,Strain_675A_415_68B,Strain_675A_415_68B,Strain_675A_415_68B,SC_RNA_03,3,E12,9/9/19,7/5/20
SC_RNA_03_F01_19A0435_IL104g,19A0435,19A0435,IL104g,IL104g,IL104g,IL104g,SC_RNA_03,3,F01,9/18/19,6/21/20
SC_RNA_03_F02_19A0108_SD226,19A0108,19A0108,SD226,SD226,SD226,SD226,SC_RNA_03,3,F02,8/23/19,6/21/20
SC_RNA_03_F03_19A0350_IL453b,19A0350,19A0350,IL453b,IL453b,IL453b,IL453b,SC_RNA_03,3,F03,9/18/19,6/24/20
SC_RNA_03_F04_19A0058_Wh10804R,19A0058,19A0058,Wh10804R,Wh10804R,Wh10804R,Wh10804R,SC_RNA_03,3,F04,9/6/19,7/7/20
SC_RNA_03_F05_19A0100_P39b,19A0100,19A0100,P39b,P39b,P39b,P39b,SC_RNA_03,3,F05,9/9/19,6/28/20
SC_RNA_03_F06_19A0201_IL751a,19A0201,19A0201,IL751a,IL751a,IL751a,IL751a,SC_RNA_03,3,F06,9/9/19,7/9/20
SC_RNA_03_F07_19A0310_Wuh09183i,19A0310,19A0310,Wuh09183i,Wuh09183i,Wuh09183i,Wuh09183i,SC_RNA_03,3,F07,8/30/19,6/30/20
SC_RNA_03_F08_19A0320_Wuh09098i,19A0320,19A0320,Wuh09098i,Wuh09098i,NA,Wuh09098i,SC_RNA_03,3,F08,9/6/19,6/18/20
SC_RNA_03_F09_19A0114_Me100,19A0114,19A0114,Me100,Me100,Me100,Me100,SC_RNA_03,3,F09,8/23/19,6/30/20
SC_RNA_03_F10_19A0297_R825,19A0297,19A0297,R825,R825,R825,R825,SC_RNA_03,3,F10,9/6/19,3/12/20
SC_RNA_03_F12_19A0304_Ia2003,19A0304,19A0304,Ia2003,Ia2003,Ia2003,Ia2003,SC_RNA_03,3,F12,9/6/19,7/5/20
SC_RNA_03_G01_19A0344_C90,19A0344,19A0344,C90,C90,C90,C90,SC_RNA_03,3,G01,9/6/19,3/12/20
SC_RNA_03_G03_19A0258_IL1171,19A0258,19A0258,IL1171,IL1171,IL1171,IL1171,SC_RNA_03,3,G03,9/9/19,3/11/20
SC_RNA_03_G04_19A0255_MDM-18,19A0255,19A0255,MDM_18,MDM_18,MDM_18,MDM_18,SC_RNA_03,3,G04,9/11/19,6/22/20
SC_RNA_03_G05_19A0022_fill_c2,19A0022,19A0022,fill_c2,NA,NA,NA,SC_RNA_03,3,G05,9/9/19,3/12/20
SC_RNA_03_G06_19A0107_Wuh07183i,19A0107,19A0107,Wuh07183i,Wuh07183i,Wuh07183i,Wuh07183i,SC_RNA_03,3,G06,8/23/19,6/23/20
SC_RNA_03_G07_19A0143_Wh04020a,19A0143,19A0143,Wh04020a,Wh04020a,Wh04020a,Wh04020a,SC_RNA_03,3,G07,8/22/19,6/30/20
SC_RNA_03_G08_19A0051_We08417a,19A0051,19A0051,We08417a,We08417a,We08417a,We08417a,SC_RNA_03,3,G08,9/2/19,7/8/20
SC_RNA_03_G09_19A0257_Vineland576,19A0257,19A0257,Vineland576,Vineland576,Vineland576,Vineland576,SC_RNA_03,3,G09,9/3/19,6/23/20
SC_RNA_03_G10_19A0206_CHECK2,19A0206,19A0206,CHECK2,NA,NA,NA,SC_RNA_03,3,G10,9/6/19,7/5/20
SC_RNA_03_G11_19A0083_GMBAB,19A0083,19A0083,GMBAB,GMBAB,GMBAB,GMBAB,SC_RNA_03,3,G11,8/23/19,6/29/20
SC_RNA_03_H01_19A0315_IL696a,19A0315,19A0315,IL696a,IL696a,IL696a,IL696a,SC_RNA_03,3,H01,9/18/19,7/7/20
SC_RNA_03_H02_19A0444_IL370a,19A0444,19A0444,IL370a,IL370a,NA,IL370a,SC_RNA_03,3,H02,9/20/19,6/23/20
SC_RNA_03_H03_19A0028_Wuh09153i,19A0028,19A0028,Wuh09153i,Wuh09153i,Wuh09153i,Wuh09153i,SC_RNA_03,3,H03,9/6/19,7/1/20
SC_RNA_03_H04_19A0442_MDM-2,19A0442,19A0442,MDM_2,MDM_2,MDM_2,MDM_2,SC_RNA_03,3,H04,9/20/19,7/6/20
SC_RNA_03_H05_19A0341_CHECK3,19A0341,19A0341,CHECK3,NA,NA,NA,SC_RNA_03,3,H05,9/6/19,7/6/20
SC_RNA_03_H06_19A0414_fill_c4,19A0414,19A0414,fill_c4,NA,NA,NA,SC_RNA_03,3,H06,9/23/19,7/2/20
SC_RNA_03_H07_Pos_Control_NA,Pos,Pos,Control_NA,NA,NA,NA,SC_RNA_03,3,H07,NA,NA
SC_RNA_03_H08_19A0290_IL124a,19A0290,19A0290,IL124a,IL124a,IL124a,IL124a,SC_RNA_03,3,H08,9/9/19,7/8/20
SC_RNA_03_H09_19A0002_Wh09033,19A0002,19A0002,Wh09033,Wh09033,Wh09033,Wh09033,SC_RNA_03,3,H09,9/11/19,6/28/20
SC_RNA_03_H10_19A0218_Wh92054,19A0218,19A0218,Wh92054,Wh92054,NA,Wh92054,SC_RNA_03,3,H10,9/3/19,3/15/20
SC_RNA_03_H11_19A0371_IL328a,19A0371,19A0371,IL328a,IL328a,IL328a,IL328a,SC_RNA_03,3,H11,9/18/19,7/9/20
SC_RNA_03_H12_19A0029_CHECK1,19A0029,19A0029,CHECK1,NA,NA,NA,SC_RNA_03,3,H12,8/22/19,7/9/20
SC_RNA_04_A01_19A0244_Wuh07177i,19A0244,19A0244,Wuh07177i,Wuh07177i,NA,Wuh07177i,SC_RNA_04,4,A01,9/6/19,6/24/20
SC_RNA_04_A02_19A0132_P39,19A0132,19A0132,P39,P39,P39,P39,SC_RNA_04,4,A02,8/23/19,3/11/20
SC_RNA_04_A03_19A0119_IL369b,19A0119,19A0119,IL369b,IL369b,NA,IL369b,SC_RNA_04,4,A03,9/10/19,6/22/20
SC_RNA_04_A04_19A0251_Ia45-3,19A0251,19A0251,Ia45_3,Ia45_3,Ia45_3,Ia45_3,SC_RNA_04,4,A04,9/6/19,6/18/20
SC_RNA_04_A05_19A0215_EP61,19A0215,19A0215,EP61,EP61,EP61,EP61,SC_RNA_04,4,A05,9/6/19,3/12/20
SC_RNA_04_A06_19A0016_We05411,19A0016,19A0016,We05411,We05411,We05411,We05411,SC_RNA_04,4,A06,8/28/19,6/30/20
SC_RNA_04_A07_19A0347_W6366,19A0347,19A0347,W6366,W6366,W6366,W6366,SC_RNA_04,4,A07,9/9/19,6/30/20
SC_RNA_04_A08_19A0170_Jubileeex9017,19A0170,19A0170,Jubileeex9017,Jubileeex9017,Jubileeex9017,Jubileeex9017,SC_RNA_04,4,A08,8/24/19,7/8/20
SC_RNA_04_A09_19A0432_IL543c,19A0432,19A0432,IL543c,IL543c,IL543c,IL543c,SC_RNA_04,4,A09,9/23/19,6/24/20
SC_RNA_04_A10_19A0277_MDM-20,19A0277,19A0277,MDM_20,MDM_20,MDM_20,MDM_20,SC_RNA_04,4,A10,9/9/19,6/22/20
SC_RNA_04_A11_19A0095_Me1,19A0095,19A0095,Me1,Me1,Me1,Me1,SC_RNA_04,4,A11,8/23/19,6/23/20
SC_RNA_04_A12_19A0319_IL47A,19A0319,19A0319,IL47A,IL47A,NA,IL47A,SC_RNA_04,4,A12,9/10/19,7/5/20
SC_RNA_04_B01_19A0036_SD469,19A0036,19A0036,SD469,SD469,SD469,SD469,SC_RNA_04,4,B01,8/24/19,7/5/20
SC_RNA_04_B02_19A0087_Fa32B,19A0087,19A0087,Fa32B,Fa32B,Fa32B,Fa32B,SC_RNA_04,4,B02,9/2/19,7/16/20
SC_RNA_04_B03_Pos_Control_NA,Pos,Pos,Control_NA,NA,NA,NA,SC_RNA_04,4,B03,NA,NA
SC_RNA_04_B04_19A0054_Me2,19A0054,19A0054,Me2,Me2,Me2,Me2,SC_RNA_04,4,B04,8/23/19,3/12/20
SC_RNA_04_B05_19A0431_IL794a,19A0431,19A0431,IL794a,IL794a,IL794a,IL794a,SC_RNA_04,4,B05,9/11/19,6/28/20
SC_RNA_04_B06_19A0096_CHECK2,19A0096,19A0096,CHECK2,NA,NA,NA,SC_RNA_04,4,B06,9/11/19,7/2/20
SC_RNA_04_B08_19A0105_Wh1095407-2,19A0105,19A0105,Wh1095407_2,Wh1095407_2,Wh1095407_2,Wh1095407_2,SC_RNA_04,4,B08,8/28/19,6/28/20
SC_RNA_04_B09_19A0164_IL757b,19A0164,19A0164,IL757b,IL757b,IL757b,IL757b,SC_RNA_04,4,B09,9/18/19,3/11/20
SC_RNA_04_B10_19A0075_Wh09126R,19A0075,19A0075,Wh09126R,Wh09126R,Wh09126R,Wh09126R,SC_RNA_04,4,B10,8/23/19,3/15/20
SC_RNA_04_B11_19A0098_C18,19A0098,19A0098,C18,C18,C18,C18,SC_RNA_04,4,B11,8/23/19,3/12/20
SC_RNA_04_B12_19A0241_IL689a,19A0241,19A0241,IL689a,IL689a,IL689a,IL689a,SC_RNA_04,4,B12,9/2/19,7/16/20
SC_RNA_04_C01_19A0191_IL744a,19A0191,19A0191,IL744a,IL744a,IL744a,IL744a,SC_RNA_04,4,C01,9/18/19,6/29/20
SC_RNA_04_C02_19A0142_Ia45-2,19A0142,19A0142,Ia45_2,Ia45_2,Ia45_2,Ia45_2,SC_RNA_04,4,C02,8/30/19,6/30/20
SC_RNA_04_C03_19A0328_CHECK2,19A0328,19A0328,CHECK2,NA,NA,NA,SC_RNA_04,4,C03,9/11/19,3/11/20
SC_RNA_04_C04_19A0342_C42,19A0342,19A0342,C42,C42,C42,C42,SC_RNA_04,4,C04,8/28/19,3/11/20
SC_RNA_04_C05_19A0067_fill_c1,19A0067,19A0067,fill_c1,NA,NA,NA,SC_RNA_04,4,C05,8/23/19,6/30/20
SC_RNA_04_C06_19A0380_IL430a,19A0380,19A0380,IL430a,IL430a,IL430a,IL430a,SC_RNA_04,4,C06,9/18/19,7/2/20
SC_RNA_04_C07_19A0175_T62s,19A0175,19A0175,T62s,T62S,T62s,T62s,SC_RNA_04,4,C07,9/23/19,6/29/20
SC_RNA_04_C08_19A0340_Wuh07186i,19A0340,19A0340,Wuh07186i,Wuh07186i,Wuh07186i,Wuh07186i,SC_RNA_04,4,C08,9/2/19,7/6/20
SC_RNA_04_C09_19A0034_SD884,19A0034,19A0034,SD884,SD884,SD884,SD884,SC_RNA_04,4,C09,9/2/19,7/5/20
SC_RNA_04_C10_19A0250_IL557a,19A0250,19A0250,IL557a,IL557a,IL557a,IL557a,SC_RNA_04,4,C10,9/3/19,6/24/20
SC_RNA_04_C11_19A0137_Wh10802R,19A0137,19A0137,Wh10802R,Wh10802R,Wh10802R,Wh10802R,SC_RNA_04,4,C11,9/6/19,7/1/20
SC_RNA_04_C12_19A0233_Wh07166R,19A0233,19A0233,Wh07166R,Wh07166R,NA,Wh07166R,SC_RNA_04,4,C12,9/6/19,6/23/20
SC_RNA_04_D01_19A0121_fill_c2,19A0121,19A0121,fill_c2,NA,NA,NA,SC_RNA_04,4,D01,9/6/19,6/22/20
SC_RNA_04_D02_19A0065_Wh94053,19A0065,19A0065,Wh94053,Wh94053,NA,Wh94053,SC_RNA_04,4,D02,9/2/19,6/30/20
SC_RNA_04_D03_19A0411_Ma401,19A0411,19A0411,Ma401,Ma401,Ma401,Ma401,SC_RNA_04,4,D03,9/18/19,3/15/20
SC_RNA_04_D04_19A0266_Wu00801,19A0266,19A0266,Wu00801,Wu00801,Wu00801,Wu00801,SC_RNA_04,4,D04,9/10/19,3/11/20
SC_RNA_04_D05_19A0150_Me121-wb,19A0150,19A0150,Me121_wb,Me121_wb,Me121_wb,Me121_wb,SC_RNA_04,4,D05,9/2/19,7/5/20
SC_RNA_04_D06_19A0199_MDM-17,19A0199,19A0199,MDM_17,MDM_17,MDM_17,MDM_17,SC_RNA_04,4,D06,9/10/19,3/12/20
SC_RNA_04_D08_19A0237_IL779a,19A0237,19A0237,IL779a,Il779a,IL779a,IL779a,SC_RNA_04,4,D08,9/20/19,7/2/20
SC_RNA_04_D09_19A0235_fill_c3,19A0235,19A0235,fill_c3,NA,NA,NA,SC_RNA_04,4,D09,9/9/19,7/8/20
SC_RNA_04_D10_19A0270_IL707a,19A0270,19A0270,IL707a,IL707a,IL707a,IL707a,SC_RNA_04,4,D10,9/20/19,7/6/20
SC_RNA_04_D11_19A0278_IL799b,19A0278,19A0278,IL799b,IL799b,IL799b,IL799b,SC_RNA_04,4,D11,9/11/19,6/24/20
SC_RNA_04_D12_19A0284_We06410,19A0284,19A0284,We06410,We06410,We06410,We06410,SC_RNA_04,4,D12,8/28/19,6/24/20
SC_RNA_04_E01_19A0311_A684su,19A0311,19A0311,A684su,A684su,A684su,A684su,SC_RNA_04,4,E01,9/18/19,7/8/20
SC_RNA_04_E02_19A0144_W822Gse,19A0144,19A0144,W822Gse,W822Gse,W822Gse,W822Gse,SC_RNA_04,4,E02,8/23/19,7/8/20
SC_RNA_04_E03_19A0461_IL701e,19A0461,19A0461,IL701e,IL701e,IL701e,IL701e,SC_RNA_04,4,E03,9/18/19,7/6/20
SC_RNA_04_E04_19A0288_SD176,19A0288,19A0288,SD176,SD176,SD176,SD176,SC_RNA_04,4,E04,8/30/19,3/11/20
SC_RNA_04_E05_19A0268_Ma5125,19A0268,19A0268,Ma5125,Ma5125,Ma5125,Ma5125,SC_RNA_04,4,E05,9/6/19,6/22/20
SC_RNA_04_E07_19A0248_Wh09075,19A0248,19A0248,Wh09075,Wh09075,Wh09075,Wh09075,SC_RNA_04,4,E07,9/11/19,7/2/20
SC_RNA_04_E08_19A0332_Wh10049R,19A0332,19A0332,Wh10049R,Wh10049R,Wh10049R,Wh10049R,SC_RNA_04,4,E08,9/6/19,6/30/20
SC_RNA_04_E09_19A0174_IL772a,19A0174,19A0174,IL772a,IL772a,IL772a,IL772a,SC_RNA_04,4,E09,9/11/19,7/2/20
SC_RNA_04_E10_19A0228_CHECK3,19A0228,19A0228,CHECK3,NA,NA,NA,SC_RNA_04,4,E10,9/3/19,6/24/20
SC_RNA_04_E11_19A0092_Ia453,19A0092,19A0092,Ia453,Ia453,Ia453,Ia453,SC_RNA_04,4,E11,9/10/19,3/12/20
SC_RNA_04_E12_19A0168_CHECK3,19A0168,19A0168,CHECK3,NA,NA,NA,SC_RNA_04,4,E12,9/9/19,3/12/20
SC_RNA_04_F02_19A0117_OLCOTT,19A0117,19A0117,OLCOTT,Olcott,NA,Olcott,SC_RNA_04,4,F02,8/28/19,3/15/20
SC_RNA_04_F03_19A0453_Wh93016,19A0453,19A0453,Wh93016,Wh93016,Wh93016,Wh93016,SC_RNA_04,4,F03,9/9/19,7/1/20
SC_RNA_04_F04_19A0234_IL801a,19A0234,19A0234,IL801a,IL801a,IL801a,IL801a,SC_RNA_04,4,F04,9/6/19,7/8/20
SC_RNA_04_F05_19A0412_CHECK3,19A0412,19A0412,CHECK3,NA,NA,NA,SC_RNA_04,4,F05,9/13/19,6/29/20
SC_RNA_04_F06_19A0181_M45,19A0181,19A0181,M45,M45,M45,M45,SC_RNA_04,4,F06,8/28/19,6/23/20
SC_RNA_04_F07_19A0292_NJ159,19A0292,19A0292,NJ159,NJ159,NJ159,NJ159,SC_RNA_04,4,F07,9/9/19,7/2/20
SC_RNA_04_F08_19A0209_CHECK3,19A0209,19A0209,CHECK3,NA,NA,NA,SC_RNA_04,4,F08,9/3/19,3/12/20
SC_RNA_04_F09_19A0281_IL804a,19A0281,19A0281,IL804a,IL804a,IL804a,IL804a,SC_RNA_04,4,F09,9/23/19,7/1/20
SC_RNA_04_F10_19A0212_Wh96034,19A0212,19A0212,Wh96034,Wh96034,NA,Wh96034,SC_RNA_04,4,F10,8/28/19,6/18/20
SC_RNA_04_F11_19A0156_fill_c2,19A0156,19A0156,fill_c2,NA,NA,NA,SC_RNA_04,4,F11,9/6/19,6/29/20
SC_RNA_04_F12_19A0239_IL788a,19A0239,19A0239,IL788a,IL788a,NA,IL788a,SC_RNA_04,4,F12,9/9/19,7/5/20
SC_RNA_04_G01_19A0200_2,19A0200,19A0200,2,2,2,2,SC_RNA_04,4,G01,9/2/19,3/15/20
SC_RNA_04_G02_19A0125_W7151,19A0125,19A0125,W7151,W7151,W7151,W7151,SC_RNA_04,4,G02,8/21/19,7/9/20
SC_RNA_04_G03_19A0190_Wuh07429i,19A0190,19A0190,Wuh07429i,Wuh07429i,Wuh07429i,Wuh07429i,SC_RNA_04,4,G03,9/3/19,6/18/20
SC_RNA_04_G04_19A0386_IL692c,19A0386,19A0386,IL692c,IL692c,NA,IL692c,SC_RNA_04,4,G04,9/10/19,7/1/20
SC_RNA_04_G05_19A0186_CHECK3,19A0186,19A0186,CHECK3,NA,NA,NA,SC_RNA_04,4,G05,9/6/19,7/8/20
SC_RNA_04_G07_19A0352_Wuh09188i,19A0352,19A0352,Wuh09188i,Wuh09188i,Wuh09188i,Wuh09188i,SC_RNA_04,4,G07,9/3/19,6/24/20
SC_RNA_04_G08_19A0066_SD908,19A0066,19A0066,SD908,SD908,SD908,SD908,SC_RNA_04,4,G08,9/2/19,6/30/20
SC_RNA_04_G09_19A0314_We02404,19A0314,19A0314,We02404,We02404,NA,We02404,SC_RNA_04,4,G09,9/18/19,6/30/20
SC_RNA_04_G10_19A0413_EP82,19A0413,19A0413,EP82,EP82,EP82,EP82,SC_RNA_04,4,G10,9/9/19,6/23/20
SC_RNA_04_G11_19A0445_C68,19A0445,19A0445,C68,C68,C68,C68,SC_RNA_04,4,G11,9/6/19,7/9/20
SC_RNA_04_G12_19A0372_IL18b,19A0372,19A0372,IL18b,IL18b,NA,IL18b,SC_RNA_04,4,G12,9/18/19,6/18/20
SC_RNA_04_H01_19A0157_IL731a,19A0157,19A0157,IL731a,Il731a,IL731a,IL731a,SC_RNA_04,4,H01,9/18/19,7/16/20
SC_RNA_04_H02_Pos_Control_NA,Pos,Pos,Control_NA,NA,NA,NA,SC_RNA_04,4,H02,NA,NA
SC_RNA_04_H03_19A0329_fill_c3,19A0329,19A0329,fill_c3,NA,NA,NA,SC_RNA_04,4,H03,9/10/19,7/5/20
SC_RNA_04_H04_19A0151_Wh08022,19A0151,19A0151,Wh08022,Wh08022,Wh08022,Wh08022,SC_RNA_04,4,H04,8/30/19,6/18/20
SC_RNA_04_H05_19A0163_C27,19A0163,19A0163,C27,C27,C27,C27,SC_RNA_04,4,H05,9/2/19,6/21/20
SC_RNA_04_H06_19A0128_NJ7Y,19A0128,19A0128,NJ7Y,NJ7Y,NJ7Y,NJ7Y,SC_RNA_04,4,H06,8/28/19,7/5/20
SC_RNA_04_H07_19A0256_IL318a,19A0256,19A0256,IL318a,IL318a,IL318a,IL318a,SC_RNA_04,4,H07,9/18/19,6/22/20
SC_RNA_04_H09_19A0158_P39M94,19A0158,19A0158,P39M94,P39M94,P39M94,P39M94,SC_RNA_04,4,H09,9/6/19,6/24/20
SC_RNA_04_H10_19A0401_IL442a,19A0401,19A0401,IL442a,IL442a,IL442a,IL442a,SC_RNA_04,4,H10,9/24/19,6/21/20
SC_RNA_04_H11_19A0339_SD42,19A0339,19A0339,SD42,SD42,SD42,SD42,SC_RNA_04,4,H11,9/3/19,7/9/20
SC_RNA_04_H12_19A0177_fill_c3,19A0177,19A0177,fill_c3,NA,NA,NA,SC_RNA_04,4,H12,9/10/19,7/6/20
SC_RNA_05_A01_19A0245_IL437a,19A0245,19A0245,IL437a,IL437a,IL437a,IL437a,SC_RNA_05,5,A01,9/18/19,7/2/20
SC_RNA_05_A02_19A0060_CHECK1,19A0060,19A0060,CHECK1,NA,NA,NA,SC_RNA_05,5,A02,8/22/19,6/28/20
SC_RNA_05_A03_19A0197_C81,19A0197,19A0197,C81,C81,C81,C81,SC_RNA_05,5,A03,9/6/19,6/29/20
SC_RNA_05_A04_19A0004_MDM-19,19A0004,19A0004,MDM_19,MDM_19,NA,MDM_19,SC_RNA_05,5,A04,9/6/19,7/1/20
SC_RNA_05_A05_19A0264_Wuh09093i,19A0264,19A0264,Wuh09093i,Wuh09093i,NA,Wuh09093i,SC_RNA_05,5,A05,8/30/19,3/11/20
SC_RNA_05_A06_19A0291_fill_c2,19A0291,19A0291,fill_c2,NA,NA,NA,SC_RNA_05,5,A06,9/13/19,6/24/20
SC_RNA_05_A07_19A0407_T625,19A0407,19A0407,T625,T625,T625,T625,SC_RNA_05,5,A07,9/22/19,6/28/20
SC_RNA_05_A08_19A0152_C3,19A0152,19A0152,C3,C3,C3,C3,SC_RNA_05,5,A08,8/15/19,6/28/20
SC_RNA_05_A09_19A0263_Wh09117R,19A0263,19A0263,Wh09117R,Wh09117R,Wh09117R,Wh09117R,SC_RNA_05,5,A09,9/10/19,7/2/20
SC_RNA_05_A10_19A0275_CHECK2,19A0275,19A0275,CHECK2,NA,NA,NA,SC_RNA_05,5,A10,9/6/19,7/7/20
SC_RNA_05_B01_19A0238_Wh10080,19A0238,19A0238,Wh10080,Wh10080,NA,Wh10080,SC_RNA_05,5,B01,9/18/19,6/24/20
SC_RNA_05_B02_19A0375_A685su,19A0375,19A0375,A685su,A685su,A685su,A685su,SC_RNA_05,5,B02,9/18/19,7/6/20
SC_RNA_05_B03_19A0322_W5543,19A0322,19A0322,W5543,W5543,W5543,W5543,SC_RNA_05,5,B03,8/28/19,6/23/20
SC_RNA_05_B04_19A0405_IL368a,19A0405,19A0405,IL368a,IL368a,NA,IL368a,SC_RNA_05,5,B04,9/9/19,3/15/20
SC_RNA_05_B05_19A0052_SD883,19A0052,19A0052,SD883,SD883,SD883,SD883,SC_RNA_05,5,B05,9/9/19,6/18/20
SC_RNA_05_B06_19A0317_CHECK3,19A0317,19A0317,CHECK3,NA,NA,NA,SC_RNA_05,5,B06,9/10/19,7/6/20
SC_RNA_05_B07_19A0048_Wu04819,19A0048,19A0048,Wu04819,Wu04819,Wu04819,Wu04819,SC_RNA_05,5,B07,8/28/19,6/28/20
SC_RNA_05_B09_19A0064_Wh08042,19A0064,19A0064,Wh08042,Wh08042,Wh08042,Wh08042,SC_RNA_05,5,B09,9/2/19,7/5/20
SC_RNA_05_B10_19A0135_We09425,19A0135,19A0135,We09425,We09425,We09425,We09425,SC_RNA_05,5,B10,8/28/19,7/6/20
SC_RNA_05_C01_19A0187_C8w,19A0187,19A0187,C8w,C8w,NA,C8w,SC_RNA_05,5,C01,9/10/19,7/1/20
SC_RNA_05_C02_19A0402_IL366a,19A0402,19A0402,IL366a,IL366a,NA,IL366a,SC_RNA_05,5,C02,9/18/19,7/9/20
SC_RNA_05_C03_19A0188_CHECK2,19A0188,19A0188,CHECK2,NA,NA,NA,SC_RNA_05,5,C03,9/6/19,7/8/20
SC_RNA_05_C04_19A0455_IL795a,19A0455,19A0455,IL795a,IL795a,IL795a,IL795a,SC_RNA_05,5,C04,9/11/19,6/21/20
SC_RNA_05_C05_19A0030_CHECK2,19A0030,19A0030,CHECK2,NA,NA,NA,SC_RNA_05,5,C05,9/6/19,6/21/20
SC_RNA_05_C06_19A0073_C12-1,19A0073,19A0073,C12_1,C12_1,C12_1,C12_1,SC_RNA_05,5,C06,8/24/19,3/11/20
SC_RNA_05_C07_19A0011_SD909,19A0011,19A0011,SD909,SD909,SD909,SD909,SC_RNA_05,5,C07,8/28/19,7/2/20
SC_RNA_05_C08_19A0451_IL303b,19A0451,19A0451,IL303b,IL303b,IL303b,IL303b,SC_RNA_05,5,C08,9/6/19,7/1/20
SC_RNA_05_C09_19A0363_SC6069,19A0363,19A0363,SC6069,SC6069,SC6069,SC6069,SC_RNA_05,5,C09,9/6/19,6/29/20
SC_RNA_05_D01_19A0167_EP84,19A0167,19A0167,EP84,EP84,EP84,EP84,SC_RNA_05,5,D01,8/30/19,3/15/20
SC_RNA_05_D02_19A0391_M6388,19A0391,19A0391,M6388,M6388,NA,NA,SC_RNA_05,5,D02,9/18/19,6/30/20
SC_RNA_05_D03_19A0017_W822GSe,19A0017,19A0017,W822GSe,W822GSe,W822GSe,W822GSe,SC_RNA_05,5,D03,8/21/19,7/7/20
SC_RNA_05_D04_19A0217_IL747b,19A0217,19A0217,IL747b,IL747b,IL747b,IL747b,SC_RNA_05,5,D04,9/2/19,6/30/20
SC_RNA_05_D05_19A0260_P39xRp1d,19A0260,19A0260,P39xRp1d,P39xRp1d,P39xRp1d,P39xRp1d,SC_RNA_05,5,D05,9/23/19,3/12/20
SC_RNA_05_D06_19A0436_fill_c3,19A0436,19A0436,fill_c3,NA,NA,NA,SC_RNA_05,5,D06,9/6/19,7/8/20
SC_RNA_05_D07_19A0308_IaCG4189,19A0308,19A0308,IaCG4189,IaCG4189,NA,IaCG4189,SC_RNA_05,5,D07,9/9/19,3/15/20
SC_RNA_05_D08_19A0120_P39Le-253,19A0120,19A0120,P39Le_253,P39Le_253_60,NA,P39Le_253_60,SC_RNA_05,5,D08,9/2/19,6/18/20
SC_RNA_05_D09_19A0377_Ia5261,19A0377,19A0377,Ia5261,Ia5261,Ia5261,Ia5261,SC_RNA_05,5,D09,9/6/19,7/2/20
SC_RNA_05_E01_19A0019_Wuh09144i,19A0019,19A0019,Wuh09144i,Wuh09144i,Wuh09144i,Wuh09144i,SC_RNA_05,5,E01,9/2/19,7/5/20
SC_RNA_05_E02_19A0071_Wh07061a,19A0071,19A0071,Wh07061a,Wh07061a,NA,Wh07061a,SC_RNA_05,5,E02,9/9/19,6/28/20
SC_RNA_05_E03_19A0373_IL798c,19A0373,19A0373,IL798c,IL798c,IL798c,IL798c,SC_RNA_05,5,E03,9/23/19,7/6/20
SC_RNA_05_E04_19A0214_IL325a,19A0214,19A0214,IL325a,IL325a,NA,IL325a,SC_RNA_05,5,E04,9/6/19,7/1/20
SC_RNA_05_E05_19A0038_Wh04036V,19A0038,19A0038,Wh04036V,Wh04036V,NA,Wh04036V,SC_RNA_05,5,E05,9/3/19,7/9/20
SC_RNA_05_E06_19A0282_Il101t,19A0282,19A0282,Il101t,IL101T,IL101T,IL101T,SC_RNA_05,5,E06,9/10/19,6/23/20
SC_RNA_05_E07_19A0001_fill_c2,19A0001,19A0001,fill_c2,NA,NA,NA,SC_RNA_05,5,E07,9/11/19,3/15/20
SC_RNA_05_E08_19A0130_fill_c1,19A0130,19A0130,fill_c1,NA,NA,NA,SC_RNA_05,5,E08,8/23/19,6/28/20
SC_RNA_05_E09_19A0097_WVG3,19A0097,19A0097,WVG3,WVG3,WVG3,WVG3,SC_RNA_05,5,E09,9/2/19,7/7/20
SC_RNA_05_F01_19A0424_CHECK3,19A0424,19A0424,CHECK3,NA,NA,NA,SC_RNA_05,5,F01,9/6/19,6/22/20
SC_RNA_05_F02_19A0045_We05407,19A0045,19A0045,We05407,We05407,We05407,We05407,SC_RNA_05,5,F02,8/24/19,3/15/20
SC_RNA_05_F03_19A0383_T33,19A0383,19A0383,T33,Strain_T33_399_68B,Strain_T33_399_68B,Strain_T33_399_68B,SC_RNA_05,5,F03,9/9/19,7/8/20
SC_RNA_05_F04_19A0285_IL611a,19A0285,19A0285,IL611a,IL611a,IL611a,IL611a,SC_RNA_05,5,F04,9/9/19,6/23/20
SC_RNA_05_F05_19A0324_W6720-1,19A0324,19A0324,W6720_1,W6720_1,W6720_1,W6720_1,SC_RNA_05,5,F05,9/6/19,6/22/20
SC_RNA_05_F06_19A0460_CHECK3,19A0460,19A0460,CHECK3,NA,NA,NA,SC_RNA_05,5,F06,9/9/19,6/18/20
SC_RNA_05_F07_19A0307_W6757,19A0307,19A0307,W6757,W6757,W6757,W6757,SC_RNA_05,5,F07,9/3/19,7/8/20
SC_RNA_05_F08_19A0429_IL393a,19A0429,19A0429,IL393a,IL393a,IL393a,IL393a,SC_RNA_05,5,F08,9/20/19,7/16/20
SC_RNA_05_F09_19A0385_M5,19A0385,19A0385,M5,M5,NA,M5,SC_RNA_05,5,F09,9/11/19,3/12/20
SC_RNA_05_G01_19A0140_Wh09083,19A0140,19A0140,Wh09083,Wh09083,NA,Wh09083,SC_RNA_05,5,G01,9/13/19,7/7/20
SC_RNA_05_G02_19A0452_IL110K,19A0452,19A0452,IL110K,IL110K,IL110K,IL110K,SC_RNA_05,5,G02,9/6/19,6/22/20
SC_RNA_05_G03_19A0145_IL676a,19A0145,19A0145,IL676a,IL676a,IL676a,IL676a,SC_RNA_05,5,G03,9/10/19,7/6/20
SC_RNA_05_G05_19A0043_Wh03031,19A0043,19A0043,Wh03031,Wh03031,Wh03031,Wh03031,SC_RNA_05,5,G05,8/28/19,7/6/20
SC_RNA_05_G06_19A0208_MDM-5,19A0208,19A0208,MDM_5,MDM_5,MDM_5,MDM_5,SC_RNA_05,5,G06,9/10/19,7/9/20
SC_RNA_05_G07_19A0396_fill_c3,19A0396,19A0396,fill_c3,NA,NA,NA,SC_RNA_05,5,G07,9/10/19,6/23/20
SC_RNA_05_G08_19A0166_We02412,19A0166,19A0166,We02412,We02412,We02412,We02412,SC_RNA_05,5,G08,9/2/19,6/21/20
SC_RNA_05_G09_19A0417_IL44b,19A0417,19A0417,IL44b,IL44b,NA,IL44b,SC_RNA_05,5,G09,9/11/19,6/30/20
SC_RNA_05_H01_19A0003_Wh08092,19A0003,19A0003,Wh08092,Wh08092,Wh08092,Wh08092,SC_RNA_05,5,H01,8/24/19,3/11/20
SC_RNA_05_H02_19A0362_CHECK3,19A0362,19A0362,CHECK3,NA,NA,NA,SC_RNA_05,5,H02,9/6/19,6/23/20
SC_RNA_05_H03_19A0351_C27red,19A0351,19A0351,C27red,C27red,C27red,C27red,SC_RNA_05,5,H03,9/18/19,3/12/20
SC_RNA_05_H04_Pos_Control_NA,Pos,Pos,Control_NA,NA,NA,NA,SC_RNA_05,5,H04,NA,NA
SC_RNA_05_H05_19A0155_CHECK2,19A0155,19A0155,CHECK2,NA,NA,NA,SC_RNA_05,5,H05,9/9/19,7/9/20
SC_RNA_05_H06_19A0338_Wuh08127i,19A0338,19A0338,Wuh08127i,Wuh08127i,NA,Wuh08127i,SC_RNA_05,5,H06,9/2/19,7/8/20
SC_RNA_05_H07_19A0459_IL200e,19A0459,19A0459,IL200e,IL200e,NA,IL200e,SC_RNA_05,5,H07,9/9/19,6/23/20
SC_RNA_05_H08_Pos_Control_NA,Pos,Pos,Control_NA,NA,NA,NA,SC_RNA_05,5,H08,NA,NA
SC_RNA_05_H09_19A0416_M822,19A0416,19A0416,M822,M822,M822,M822,SC_RNA_05,5,H09,9/13/19,7/2/20